Int2,bolt_circle,condition,desc2,finish,indents,interchange,inventory,lugs,partnumbers,price,sizes,spokes,title,variations,vehicles,width
8826-1512,4.5,Refurbished,"15×7  5 lug wheel.  WHEEL ONLY! Does not include center cap, lugs, or TPMS sensor.",Machined,,1512,23,5,Part#: 52003368,$188.63,15,5,Jeep Wrangler 1987-1995 15″ OEM Wheel Machined,No Variations,"1987-1995 Jeep Wrangler,1987-1990 Jeep Wagoneer,1987-1993 Jeep Cherokee,1987-1992 Jeep Comanche",7
3190-5073,5.5,Refurbished,"16×7  6 lug wheel.  WHEEL ONLY! Does not include center cap, lugs, or TPMS sensor.",Machined,"Ident#: RJV,Ident#: 9592557",5073,21,6,"Part#: 9592558,Part#: 12368953",$179.92,16,5,Chevrolet Silverado 1500 1999-2008 16″ OEM Machined Wheel Rim,No Variations,"1999-2008 Chevrolet Silverado 1500,2003-2005 Chevrolet Astro,2003-2008 Chevrolet Express 1500,2003-2008 GMC Savana 1500",7
21505-5647,5.5,Refurbished,"18×8.5  6 lug wheel.  WHEEL ONLY! Does not include center cap, lugs, or TPMS sensor.",Machined,"Ident#: 84227881,Ident#: 23480949,Ident#: 84227871,Ident#: 20937966,Ident#: AAJH,Ident#: AWAAJH,Ident#: ABJA,Ident#: AWABJA",5647,28,6,"Part#: 23205585,Part#: 84227872,Part#: AAJH,Part#: 23480949,Part#: 20937771,Part#: 84227871",$231.40,18,5,Chevrolet Silverado 1500 2014-2019 18″ OEM Wheel Machined,Machined w/ Silver Pockets,"2014-2019 Chevrolet Silverado 1500,2016-2019 GMC Sierra 1500,2019-2019 Chevrolet Silverado 1500 LD,2015-2020 Chevrolet Suburban 1500,2015-2020 Chevrolet Tahoe",8.5
13857-1701,5.5,Refurbished,"15×7.5  5 lug wheel.  WHEEL ONLY! Does not include center cap, lugs, or TPMS sensor.",Polished,Ident#: F0TZ1007A,1701,11,5,"Part#: F0TZ1007A,Part#: FOTZ1007A",$183.99,15,10,Ford Bronco 1990-1995 15″ OEM Wheel Polished,Polished,"1990-1996 Ford F-150,1990-1995 Ford Bronco",7.5
18627-62746,4.5,Refurbished,"17×7  5 lug wheel.  WHEEL ONLY! Does not include center cap, lugs, or TPMS sensor.",Painted,"Ident#: F03006FL1A,Ident#: F03006FL2A,Ident#: 403006FL2B,Ident#: N7370113,Ident#: N7370111,Ident#: N7370110,Ident#: N7370115,Ident#: N7370114,Ident#: N7370118",62746,45,5,"Part#: F03006FL2A,Part#: 403006FL2B,Part#: 403006FL1A,Part#: D0C006MR1A,Part#: D0C006MR1B,Part#: D0C006MR1C,Part#: 403006FL2A,Part#: 403005HK1A",$169.63$171.64$173.63$226.33,17,10,Nissan Rogue 2017-2020 17″ OEM Wheel All Silver,All Silver,"2017-2020 Nissan Rogue,2020-2022 Nissan Rogue Sport",7
2581-74278,4.5,Refurbished,"18×7.5  5 lug wheel.  WHEEL ONLY! Does not include center cap, lugs, or TPMS sensor.",Hyper,"Ident#: 4261A33100,Ident#: 4261A06060,Ident#: 4261A33110",74278,4,5,"Part#: 4261A33110,Part#: 4261A33100,Part#: 4261A06060",$383.00,18,20,Lexus ES350 2013-2018 18″ OEM Wheel,All Silver,2013-2018 Lexus ES350,7.5
18492-68848,100,Refurbished,"18×7.5  5 lug wheel.  WHEEL ONLY! Does not include center cap, lugs, or TPMS sensor.",Machined,Ident#: 28111FL02A,68848,2,5,Part#: 28111FL02A,$286.67$265.95$299.73,18,10,2017-2021 Subaru Impreza 18″ OEM Wheel Rim Machined w/ Dark Charcoal Pockets,Machined w/ Dark Charcoal Pockets,2017-2019 Subaru Impreza,7.5
20437-10120,108,Refurbished,"18×8  5 lug wheel.  WHEEL ONLY! Does not include center cap, lugs, or TPMS sensor.",Painted,"Ident#: HS7Z1007A,Ident#: HS7C1007B1A,Ident#: HS7CB1A,Ident#: KS7C1007G1A,Ident#: KS7Z1007C,Ident#: KS7C1007B1A",10120,6,5,"Part#: HS7C1007B1A,Part#: HS7CB1A,Part#: KS7Z1007C,Part#: KS7Z1007E,Part#: KS7C1007G1A,Part#: HS7Z1007A,Part#: JS7Z1007A",$226.33$357.93,18,10,2018-2020 Ford Fusion 18″ OEM Wheel Rim Charcoal,Charcoal,2017-2020 Ford Fusion,8
21075-75221,4.5,New,"18×8  5 lug wheel.  WHEEL ONLY! Does not include center cap, lugs, or TPMS sensor.",Machined,"Ident#: 4261106F80,Ident#: 4261106F90,Ident#: 4261106E10,Ident#: 4261106F70,Ident#: 4261133D10,Ident#: 4261133D30,Ident#: BBM",75221,137,5,"Part#: 4261106J00,Part#: 4261106F80,Part#: 4261106F90,Part#: 4261106E10,Part#: 4261106F70,Part#: 4261133D10,Part#: 4261133D30",$193.03$235.21$218.79$334.36,18,20,2018-2022 Toyota Camry 18″ Wheel Rim Replica Machined w/ Black Pockets,Replica Machined w/ Black Pockets,2018-2022 Toyota Camry,8
20409-85355,112,New,"20×9.5  5 lug wheel.  WHEEL ONLY! Does not include center cap, lugs, or TPMS sensor.",Machined,"Ident#: 2224010500,Ident#: 22240105007X21,Ident#: 22240100027X45,Ident#: 22240117027756,Ident#: 222401050080",85355,74,5,"Part#: 2224010500,Part#: 22240100027X45,Part#: 222401050080,Part#: 22240105007X21",$357.93,20,14,Mercedes-Benz S550 2014-2017 20″ Rear Replica Wheel Machined,Replica Machined w/ Charcoal Pockets,"2015-2016 Mercedes-Benz S400,2016-2016 Mercedes-Benz S600,2014-2017 Mercedes-Benz S550,2014-2018 Mercedes-Benz S Class,2015-2016 Mercedes-Benz S550e,2014-2018 Mercedes-Benz CLS550",9.5
14738-10060,4.5,Refurbished,"20×8.5  5 lug wheel.  WHEEL ONLY! Does not include center cap, lugs, or TPMS sensor.",Polished,"Ident#: FB531007BA,Ident#: FB53BA,Ident#: FB531007BB",10060,8,5,"Part#: FB5Z1007C,Part#: FB531007BB",$265.95,20,10,2013-2019 Ford Explorer 20″ OEM Wheel Rim Polished,Polished,2016-2019 Ford Explorer,8.5
22192-64108,4.5,New,"18×8  5 lug wheel.  WHEEL ONLY! Does not include center cap, lugs, or TPMS sensor.",Machined,"Ident#: 42700TGGA71,Ident#: 42700TBFA91,Ident#: 42700TGGA72,Ident#: 42800TBAAC2,Ident#: TBF18080A",64108,116,5,"Part#: 42700TGGA72,Part#: 42800TBAAC2,Part#: 42700TGGA71,Part#: 42700TBFA91,Part#: 42700TBAAD1",$173.63$226.33$357.93,18,10,2021 Honda Civic 18″ Wheel Rim Replica Machined,Replica Machined,2017-2021 Honda Civic,8
20408-85353,112,New,"20×8.5  5 lug wheel.  WHEEL ONLY! Does not include center cap, lugs, or TPMS sensor.",Machined,"Ident#: 2224010400,Ident#: 22240104007X21,Ident#: 22240104007X23,Ident#: 222401040080",85353,102,5,"Part#: 2224010400,Part#: 222401040080,Part#: 22240104007X21,Part#: 22240104007X23",$299.73$300.14$364.17$541.47,20,14,Mercedes-Benz S550 2014-2017 20″ Front Replica Wheel Machined,Replica Machined w/ Charcoal Pockets,"2014-2017 Mercedes-Benz S550,2015-2016 Mercedes-Benz S400,2014-2018 Mercedes-Benz S Class,2018-2019 Mercedes-Benz S450,2015-2017 Mercedes-Benz S550e,2015-2019 Mercedes-Benz S65 AMG,2018-2019 Mercedes-Benz S560,2015-2017 Mercedes-Benz S600,2014-2019 Mercedes-Benz S63 AMG",8.5
6265-3962,108,Refurbished,"19×8  5 lug wheel.  WHEEL ONLY! Does not include center cap, lugs, or TPMS sensor.",Hyper,"Ident#: DS7C1007H1B,Ident#: DS7CH1B,Ident#: DS701007H1A",3962,26,5,Part#: DS7Z1007H,$364.17$541.47,19,10,Ford Fusion 2013-2016 19″ OEM Wheel,Hyper Silver,2013-2016 Ford Fusion,8
18615-64083,4.5,Refurbished,"19×8  5 lug wheel.  WHEEL ONLY! Does not include center cap, lugs, or TPMS sensor.",Machined,"Ident#: 42700T2AL92,Ident#: T2919080A",64083,22,5,Part#: 42700T2AL92,$198.40$300.14$364.17$541.47,19,10,Honda ACCORD 2016-2017 19″ OEM Wheel Machined,Machined w/ Black Pockets,2016-2017 Honda ACCORD,8
20421-65139,112,Refurbished,"15×7  5 lug wheel.  WHEEL ONLY! Does not include center cap, lugs, or TPMS sensor.",Painted,"Ident#: 1264003002,Ident#: 1264003402,Ident#: 1264003502",65139,4,5,"Part#: 1264003002,Part#: 1264003502",$297.18$364.17$541.47,15,15,Mercedes-Benz 560SL 1986-1989 15″ OEM Wheel All Silver,All Silver,"1986-1989 Mercedes-Benz 560SL,1986-1987 Mercedes-Benz 300D,1986-1987 Mercedes-Benz 300SDL,1987-1987 Mercedes-Benz 420,1986-1987 Mercedes-Benz 560SEC,1986-1987 Mercedes-Benz 560SEL,1986-1989 Mercedes-Benz 560",7
18674-85058,112,New,"18×8  5 lug wheel.  WHEEL ONLY! Does not include center cap, lugs, or TPMS sensor.",Machined,"Ident#: 2044014102,Ident#: 20440141029700,Ident#: 20440141027X25,Ident#: A2044014102",85058,147,5,"Part#: 20440141027X25,Part#: A2044014102,Part#: 20440141029700",$290.03,18,10,Mercedes-Benz C300 2008-2014 18″ Front Replica Wheel Machined,Replica Machined w/ Silver Pockets,"2008-2015 Mercedes-Benz C350,2012-2015 Mercedes-Benz C250,2008-2015 Mercedes-Benz C Class,2008-2014 Mercedes-Benz C300,2008-2015 Mercedes-Benz C63 AMG",8
19625-64126,4.5,Refurbished,"19×8.5  5 lug wheel.  WHEEL ONLY! Does not include center cap, lugs, or TPMS sensor.",Machined,"Ident#: TVA19085C,Ident#: TUA19035C",64126,7,5,"Part#: TVA19085C,Part#: 42800TVCAA2,Part#: 42800TVCAA1",$255.81,19,5,Honda Accord 2018-2020 19″ OEM Wheel Machined,Machined w/ Charcoal Pockets,2018-2020 Honda Accord,8.5
513-69356,5.5,Refurbished,"16×7  6 lug wheel.  WHEEL ONLY! Does not include center cap, lugs, or TPMS sensor.",Machined,,69356,18,6,"Part#: 4261135130,Part#: 4261135140,Part#: 4260135740",$159.20,16,6,Toyota 4Runner 1996-2002 16″ OEM Wheel Machined,Shank Lug Nuts,1996-2002 Toyota 4Runner,7
19342-75220,4.5,Refurbished,"17×7.5  5 lug wheel.  WHEEL ONLY! Does not include center cap, lugs, or TPMS sensor.",Painted,"Ident#: 4261106E00,Ident#: 4261133C00,Ident#: 426133C40,Ident#: 4261133C60",75220,40,5,"Part#: 4261106E00,Part#: 4261133C00,Part#: 426133C40,Part#: 4261133C60,Part#: 4261133C40,Part#: 4261106E01",$171.64$173.63$226.33$357.93,17,10,2018-2020 Toyota Camry 17″ OEM Wheel Rim,No Variations,2018-2020 Toyota Camry,7.5
13016-10005,135,Refurbished,"20×8.5  6 lug wheel.  WHEEL ONLY! Does not include center cap, lugs, or TPMS sensor.",Hyper,"Ident#: FL3Z1007E,Ident#: FL341007FB,Ident#: FL341007FA",10005,29,6,"Part#: FL3Z1007F,Part#: FL3Z1007E",$279.76,20,6,Ford F-150 2015-2019 20″ OEM Wheel Hyper Silver,Hyper Silver,2015-2019 Ford F-150,8.5
18784-64037,120,Refurbished,"18×7.5  5 lug wheel.  WHEEL ONLY! Does not include center cap, lugs, or TPMS sensor.",Machined,"Ident#: 42700SZAA41,Ident#: SZA18075B,Ident#: 42700SZAA42,Ident#: 42700SZAA91",64037,9,5,"Part#: 42700SZAA41,Part#: 42700SZAA91,Part#: 42700SZAA42",$207.30,18,5,Honda PILOT 2012-2015 18″ OEM Wheel Machined,Machined w/ Silver Pockets,2012-2015 Honda Pilot,7.5
21546-9164,5,Refurbished,"18×8  5 lug wheel.  WHEEL ONLY! Does not include center cap, lugs, or TPMS sensor.",Machined,"Ident#: 5XK991XFAA,Ident#: 5XK99TRMAA,Ident#: 5XK99TRMAB,Ident#: 0730160",9164,13,5,"Part#: 5XK99NTZAA,Part#: 5XK99XZAAA,Part#: 6XJ072XFAA,Part#: 4755529AA,Part#: 5XK991XFAA,Part#: 5XK991STAB,Part#: 5XK991STAA,Part#: 6XJ082STAA",$265.31,18,10,Jeep Grand Cherokee 2016-2021 18″ OEM Machined Wheel Rim,Fine Cut w/ Charcoal Pockets,"2016-2021 Jeep Grand Cherokee,2022-2022 Jeep Grand Cherokee WK",8
2394-5196,5.5,Refurbished,"17×7.5  6 lug wheel.  WHEEL ONLY! Does not include center cap, lugs, or TPMS sensor.",Machined,"Ident#: 9594488,Ident#: 9594489,Ident#: AWUJN",5196,38,6,"Part#: 9594489,Part#: 89038689,Part#: 9594488,Part#: 09594500,Part#: 19301347,Part#: 09594489",$238.08$173.63$226.33$357.93,17,5,Chevrolet Silverado 1500 2004-2007 17″ OEM Wheel Machined,No Variations,"2004-2006 Chevrolet Suburban 1500,2004-2006 Chevrolet Tahoe,2004-2007 Chevrolet Silverado 1500",7.5
18616-64083,4.5,New,"19×8  5 lug wheel.  WHEEL ONLY! Does not include center cap, lugs, or TPMS sensor.",Machined,"Ident#: 42700T2AL92,Ident#: T2919080A",64083,125,5,Part#: 42700T2AL92,$169.75,19,10,Honda ACCORD 2016-2017 19″ Replica Wheel Machined,Replica Machined w/ Black Pockets,2016-2017 Honda ACCORD,8
18965-17302,114,New,"18×8  5 lug wheel.  WHEEL ONLY! Does not include center cap, lugs, or TPMS sensor.",Hyper,Ident#: 4261A33080,17302,58,5,Part#: 4261A33080,$241.53,18,20,Lexus ES350 2013-2017 18″ Replica Wheel,Replica Hyper Silver,2013-2017 Lexus ES350,8
3891-5649,5.5,Refurbished,"18×8.5  6 lug wheel.  WHEEL ONLY! Does not include center cap, lugs, or TPMS sensor.",Machined,"Ident#: AASD,Ident#: 22815067,Ident#: 22937965,Ident#: 20937965,Ident#: AAJG,Ident#: 22815267,Ident#: 22815288,Ident#: 20937770,Ident#: AWAASD,Ident#: AWAAJG,Ident#: 20837885,Ident#: 22815268",5649,30,6,"Part#: 20937770,Part#: 20937965,Part#: 23386631,Part#: 22815067",$258.09,18,12,GMC Sierra 1500 2014-2019 18″ OEM Wheel Machined,Machined w/Silver Pockets,"2014-2019 Chevrolet Silverado 1500,2014-2019 GMC Sierra 1500,2019-2019 GMC Sierra 1500 Limited,2015-2020 GMC Yukon",8.5
1578-3833,135,Refurbished,"20×8.5  6 lug wheel.  WHEEL ONLY! Does not include center cap, lugs, or TPMS sensor.",Hyper,"Ident#: AL3J1007AA,Ident#: AL3J1A096AA,Ident#: CL3J1007AA",3833,30,6,"Part#: CL3Z1007D,Part#: AL3Z1007H",$245.94$181.49$168.78$173.63,20,6,Ford F-150 2010-2014 20″ OEM Wheel,Hyper Silver,2010-2014 Ford F-150,8.5
8972-74252,4.5,Refurbished,"19×7.5  5 lug wheel.  WHEEL ONLY! Does not include center cap, lugs, or TPMS sensor.",Painted,"Ident#: 4261A0E010 JAPAN BUILT US MKT,Ident#: 4261A0E020 N AMER BUILT CANADA MKT,Ident#: 4261A0E030 N AMER BUILT US MKT,Ident#: 4261A0E040 N AMER BUILT CANADA MKT,Ident#: 4261A48030 JAPAN BUILT US MKT,Ident#: 4261A48040 JAPAN BUILT CANADA MKT,Ident#: 4261A48050 JAPAN BUILT US MKT,Ident#: 4261A48060 JAPAN BUILT CANADA MKT,Ident#: 426110E050 JAPAN BUILT US MKT,Ident#: 426110E070 N AMER BUILT CANADA MKT,Ident#: 426110E210 N AMER BUILT US MKT,Ident#: 426110E230 N AMER BUILT CANADA MKT,Ident#: 42611488680 JAPAN BUILT US MKT,Ident#: 4261148690 N AMER BUILT CANADA MKT,Ident#: 4261148700 JAPAN BUILT US MKT,Ident#: 4261148710 N AMER BUILT CANADA MKT,Ident#: 4261148680",74252,14,5,"Part#: 426110E230,Part#: 4261A0E010,Part#: 4261A0E020,Part#: 4261A0E040,Part#: 4261A48030,Part#: 4261A48040,Part#: 4261A48050,Part#: 4261A48060,Part#: 426110E050,Part#: 426110E070,Part#: 426110E210,Part#: 4261148690,Part#: 4261148700,Part#: 4261148710",$332.76,19,7,Lexus RX350 2010-2012 19″ OEM Wheel All Silver,All Silver,"2010-2012 Lexus RX350,2010-2012 Lexus RX450h",7.5
16669-10119,108,Refurbished,"17×7.5  5 lug wheel.  WHEEL ONLY! Does not include center cap, lugs, or TPMS sensor.",Hyper,"Ident#: HS7Z1007B,Ident#: HS7C1007A1A,Ident#: HS7CA1A",10119,38,5,"Part#: HS7Z1007B,Part#: HS7C1007A1A,Part#: HS7CA1A",$168.76,17,10,2016-2018 Ford Fusion 17″ OEM Wheel Rim Hyper Silver,Hyper Silver,2017-2018 Ford Fusion,7.5
16675-10124,108,Refurbished,"19×8  5 lug wheel.  WHEEL ONLY! Does not include center cap, lugs, or TPMS sensor.",Machined,"Ident#: HS7Z1007D,Ident#: HS7C1007E1A,Ident#: HS7CE1A",10124,11,5,"Part#: HS7C1007E1A,Part#: HS7CE1A,Part#: HS7Z1007D",$256.48,19,10,Ford Fusion 2017-2020 19″ OEM Wheel Machined,No Variations,2017-2020 Ford Fusion,8
13008-3140,6.5,Refurbished,"16×7  8 lug wheel.  WHEEL ONLY! Does not include center cap, lugs, or TPMS sensor.",Polished,"Ident#: F5TA1007JA7700,Ident#: F5TAJA7700,Ident#: F5TA1007JA,Ident#: 7C241007AB,Ident#: 7C241007AA",3140,1,8,"Part#: 7C2Z1007A,Part#: F5TA1007JA7700,Part#: F2TZ1015C,Part#: 4C2Z1015AB,Part#: F5TZ1007A",$323.54,16,8,Ford F-250 1995-1997 16″ OEM Wheel Polished,Polished,"1994-1997 Ford F-350,1999-2004 Ford E-350 Super Duty,1995-2008 Ford E-150 Econoline,1995-2008 Ford E-350 Econoline,1995-2002 Ford E-350 Econoline Club Wagon,1995-2008 Ford E-250 Econoline,1995-1997 Ford F-250,2000-2003 Ford Van 450 Series,2007-2014 Ford E-150,1995-2014 Ford E-250,2003-2004 Ford E-150 Club Wagon,1995-2002 Ford E-150 Econoline Club Wagon,2003-2004 Ford E-350 Club Wagon,1995-1996 Ford F-150,1997-1997 Ford F-250 HD",7
975-74167,5.5,Refurbished,"17×7.5  6 lug wheel.  WHEEL ONLY! Does not include center cap, lugs, or TPMS sensor.",Painted,"Ident#: 4261160320,Ident#: 4261160411,Ident#: 4261160410,Ident#: 4261A60050,Ident#: 4261160760,Ident#: 4261160A20",74167,2,6,"Part#: 42611604010,Part#: 4261160320,Part#: 4261A60050,Part#: 4261160410,Part#: 4261160411,Part#: 4261160760,Part#: 4261160A20",$235.52$333.64$148.26$182.40,17,10,2002-2009 Lexus GX470 17″ OEM Wheel Rim All Silver,All Silver,2003-2009 Lexus GX470,7.5
12883-75204,100,Refurbished,"17×7  5 lug wheel.  WHEEL ONLY! Does not include center cap, lugs, or TPMS sensor.",Painted,Ident#: 4261147500,75204,1,5,"Part#: 4261147500,Part#: 4261147510",$319.28$249.77$169.63$171.64,17,5,2016-2022 Toyota Prius 17″ OEM Wheel Rim,No Variations,2016-2022 Toyota Prius,7
12374-10006,135,Refurbished,"20×8.5  6 lug wheel.  WHEEL ONLY! Does not include center cap, lugs, or TPMS sensor.",Machined,"Ident#: FL341007JA,Ident#: FL3Z1007HA,Ident#: HL3Z1007C,Ident#: HL341007JA,Ident#: FL341007HA",10006,8,6,"Part#: FL3Z1007H,Part#: HL3Z1007C,Part#: FL341007JA,Part#: HL341007JA,Part#: FL3Z1007G",$368.62$168.76,20,12,2017-2020 Ford F-150 20″ OEM Wheel Rim Machined w/ Dark Charcoal Spokes,Machined w/ Dark Charcoal Spokes,2015-2020 Ford F-150,8.5
21447-70002,112,Refurbished,"19×8  5 lug wheel.  WHEEL ONLY! Does not include center cap, lugs, or TPMS sensor.",Painted,"Ident#: 561601025PZ49,Ident#: 561601025P",70002,3,5,"Part#: 561601025PZ49,Part#: 561601025P",$322.47$184.07$175.60$332.76,19,10,Volkswagen Passat 2016-2019 19″ OEM Wheel Charcoal,Charcoal,2016-2019 Volkswagen Passat,8
21545-9164,5,Refurbished,"18×8  5 lug wheel.  WHEEL ONLY! Does not include center cap, lugs, or TPMS sensor.",Machined,"Ident#: 5XK991XFAA,Ident#: 5XK99TRMAA,Ident#: 5XK99TRMAB,Ident#: 0730160",9164,6,5,"Part#: 5XK99NTZAA,Part#: 5XK99XZAAA,Part#: 6XJ072XFAA,Part#: 4755529AA,Part#: 5XK991XFAA,Part#: 5XK991STAB,Part#: 5XK991STAA,Part#: 6XJ082STAA",$277.46,18,10,Jeep Grand Cherokee 2016-2021 18″ OEM Machined Wheel Rim,Fine Machined w/ Black Pockets,"2016-2021 Jeep Grand Cherokee,2022-2022 Jeep Grand Cherokee WK",8
8132-69986,112,Refurbished,"16×6.5  5 lug wheel.  WHEEL ONLY! Does not include center cap, lugs, or TPMS sensor.",Painted,"Ident#: 5C0601025AM,Ident#: 5C0601025AM8Z8",69986,2,5,"Part#: 5C0601025AM8Z8,Part#: 5C0601025AM",$269.56,16,10,Volkswagen Jetta 2015-2016 16″ OEM Wheel,No Variations,2015-2016 Volkswagen Jetta,6.5
2011-4563,5.5,Refurbished,"17×7.5  6 lug wheel.  WHEEL ONLY! Does not include center cap, lugs, or TPMS sensor.",Machined,"Ident#: RVW,Ident#: 9593884,Ident#: 12490103",4563,3,6,"Part#: 09593885,Part#: 09593888,Part#: 12490103,Part#: 9593885",$373.65,17,7,Cadillac Escalade 2002-2006 17″ OEM Wheel Machined,No Variations,"2002-2006 Cadillac Escalade,2003-2006 Cadillac Escalade ESV,2002-2006 Cadillac Escalade EXT",7.5
18794-62721,4.5,Refurbished,"18×8.5  5 lug wheel.  WHEEL ONLY! Does not include center cap, lugs, or TPMS sensor.",Machined,"Ident#: 4RA3EMB96,Ident#: NR3E,Ident#: ENKEI A19",62721,18,5,"Part#: 403004RA3E,Part#: 403004RA8E",$215.30$231.40,18,10,Nissan Maxima 2016-2019 18″ OEM Wheel Machined,Machined w/ Black Pockets,2016-2019 Nissan Maxima,8.5
14120-63934,4.5,Refurbished,"17×7.5  5 lug wheel.  WHEEL ONLY! Does not include center cap, lugs, or TPMS sensor.",Painted,"Ident#: TAO775A,Ident#: 42700TA0A81,Ident#: 42700TA0A82,Ident#: TA0775A",63934,31,5,"Part#: 42700TA0A81,Part#: 42700TA0A82",$161.53,17,7,2008-2011 Honda ACCORD 17″ OEM Wheel Rim All Silver,All Silver,2008-2010 Honda ACCORD,7.5
18857-64048,4.5,Refurbished,"18×8  5 lug wheel.  WHEEL ONLY! Does not include center cap, lugs, or TPMS sensor.",Machined,"Ident#: 42700T2AA82,Ident#: T2A18080A,Ident#: 42700T2AA61,Ident#: 42700T2AA83",64048,12,5,"Part#: 42700T2AA83,Part#: 42700T2AA61,Part#: 42700T2AA82",$190.26$231.40,18,10,Honda Accord 2013-2015 18″ OEM Wheel Machined,Machined w/ Dark Charcoal Spokes,2013-2015 Honda Accord,8
20666-64127,4.5,Refurbished,"19×8.5  5 lug wheel.  WHEEL ONLY! Does not include center cap, lugs, or TPMS sensor.",Machined,"Ident#: 42700TVAA94,Ident#: 42700TVAA93,Ident#: TVA19085A",64127,11,5,"Part#: 42700TVAA94,Part#: 42700TVAA93",$248.58$231.40,19,10,Honda ACCORD 2018-2022 19″ OEM Machined Wheel Rim,Machined w/ Black Pockets,2018-2022 Honda ACCORD,8.5
2811-64962,4.5,Refurbished,"18×7  5 lug wheel.  WHEEL ONLY! Does not include center cap, lugs, or TPMS sensor.",Painted,Ident#: 9965227080,64962,6,5,"Part#: 9965227080,Part#: B45BV3810",$184.75$333.64$148.26$182.40,18,10,Mazda 3 2014-2017 18″ OEM Wheel Rim,No Variations,2014-2017 Mazda 3,7
18674-85058,112,New,"18×8  5 lug wheel.  WHEEL ONLY! Does not include center cap, lugs, or TPMS sensor.",Machined,"Ident#: 2044014102,Ident#: 20440141029700,Ident#: 20440141027X25,Ident#: A2044014102",85058,147,5,"Part#: 20440141027X25,Part#: A2044014102,Part#: 20440141029700",$290.03$333.64$148.26$182.40,18,10,Mercedes-Benz C350 2008-2015 18″ Front Replica Wheel Machined,Replica Machined w/ Silver Pockets,"2008-2015 Mercedes-Benz C350,2012-2015 Mercedes-Benz C250,2008-2015 Mercedes-Benz C Class,2008-2014 Mercedes-Benz C300,2008-2015 Mercedes-Benz C63 AMG",8
1351-3947,108,Refurbished,"19×8  5 lug wheel.  WHEEL ONLY! Does not include center cap, lugs, or TPMS sensor.",Hyper,"Ident#: CJ5C1007D1A,Ident#: CJ5C1007D1B,Ident#: CJ5C1007D1C,Ident#: CJ5C1007G1A,Ident#: CJ5CD1A,Ident#: CJ5CDE1B,Ident#: CJ5CD1C,Ident#: CJ5CG1A,Ident#: 44632C89EA,Ident#: 8V4JCB,Ident#: CJ5Z1007B,Ident#: CJ5C1007G1B",3947,18,5,"Part#: CJ5Z1007B,Part#: CJ5C1007D1A,Part#: CJ5Z1007K",$192.42$231.40,19,10,Ford Escape 2013-2019 19″ OEM Wheel Hyper Silver,Hyper Silver,2013-2019 Ford Escape,8
20459-10120,108,Refurbished,"18×8  5 lug wheel.  WHEEL ONLY! Does not include center cap, lugs, or TPMS sensor.",Hyper,"Ident#: HS7Z1007A,Ident#: HS7C1007B1A,Ident#: HS7CB1A,Ident#: KS7C1007G1A,Ident#: KS7Z1007C,Ident#: KS7C1007B1A",10120,2,5,"Part#: HS7C1007B1A,Part#: HS7CB1A,Part#: KS7Z1007C,Part#: KS7Z1007E,Part#: KS7C1007G1A,Part#: HS7Z1007A,Part#: JS7Z1007A",$218.79$334.36$249.77$169.63,18,10,Ford Fusion 2017-2020 18″ OEM Hyper Wheel Rim,Light Hyper,2017-2020 Ford Fusion,8
1411-3136,5.5,Refurbished,"15×7.5  5 lug wheel.  WHEEL ONLY! Does not include center cap, lugs, or TPMS sensor.",Polished,Ident#: F4TA1007EA770,3136,12,5,Part#: F4TZ1007A,$214.25$333.64$148.26$182.40,15,10,Ford Bronco 1994-1996 15″ OEM Wheel Polished,Polished,"1994-1996 Ford Bronco,1994-1996 Ford F-150",7.5
2234-5296,5.5,Refurbished,"17×7.5  6 lug wheel.  WHEEL ONLY! Does not include center cap, lugs, or TPMS sensor.",Machined,"Ident#: DDU,Ident#: 9595857,Ident#: 19206515,Ident#: 88967395",5296,21,6,"Part#: 9595455,Part#: 88967395,Part#: 19170372,Part#: 19301346,Part#: 09595455,Part#: 19206515",$167.94,17,6,GMC Sierra 1500 2007-2013 17″ OEM Wheel Machined,No Variations,"2010-2013 GMC Van 1500,2007-2013 GMC Sierra 1500,2007-2013 GMC Sierra Denali,2007-2014 GMC Yukon,2007-2014 GMC Yukon XL 1500,2009-2014 GMC Savana 1500",7.5
2418-73766,4.5,Refurbished,"19×8.5  5 lug wheel.  WHEEL ONLY! Does not include center cap, lugs, or TPMS sensor.",Machined,"Ident#: D0C004GA3B THRU 08/14,Ident#: D0C004GC3C FROM 09/14",73766,1,5,"Part#: D0C004GA3B,Part#: D0C004GC3B,Part#: D0CMM4GC3C,Part#: D0C004GC3C",$333.59$227.46$159.20$183.99,19,15,2014-2018 Infiniti Q50 19″ OEM Wheel Rim,No Variations,2014-2018 Infiniti Q50,8.5
46-2267,5.5,Refurbished,"20×9  5 lug wheel.  WHEEL ONLY! Does not include center cap, lugs, or TPMS sensor.",Machined,"Ident#: 52013761AA,Ident#: 52122278AA,Ident#: 5J153TRMAA,Ident#: 5JY53TRMAA",2267,6,5,"Part#: 52013761AA,Part#: 52122278AA,Part#: 5JY53PAKAA,Part#: 1EY93DZXAA,Part#: 5JY53PAKAB",$215.61$333.64$148.26$182.40,20,5,Dodge Ram 1500 2006-2008 20″ OEM Wheel Machined,Machined Lip w/ Silver Spokes,"2006-2008 Dodge Ram 1500,2006-2008 Ram 1500",9
3208-3431,4.5,Refurbished,"15×7  5 lug wheel.  WHEEL ONLY! Does not include center cap, lugs, or TPMS sensor.",Machined,"Ident#: 1L541007DA WHL,Ident#: YL541007AA WHL,Ident#: 3L541007AA WHL,Ident#: 7L541007AA WHL,Ident#: AL541007AA WHL,Ident#: AL541007AB WHL",3431,10,5,"Part#: AL5Z1007B,Part#: 3L5Z1007AA",$184.07,15,10,Ford Ranger 2000-2011 15″ OEM Wheel Machined,No Variations,"2005-2010 Ford Mazda B-2300,2000-2011 Ford Ranger",7
12623-5750,105,Refurbished,"18×7.5  5 lug wheel.  WHEEL ONLY! Does not include center cap, lugs, or TPMS sensor.",Machined,"Ident#: 13383414,Ident#: 003520/2015,Ident#: AAUF",5750,1,5,Part#: 13383414,$333.53$255.81,18,10,Chevrolet Cruze 2016-2018 18″ OEM Wheel Machined,No Variations,2016-2018 Chevrolet Cruze,7.5
13112-74160,4.5,Refurbished,"18×8  5 lug wheel.  WHEEL ONLY! Does not include center cap, lugs, or TPMS sensor.",Painted,"Ident#: 4261124420,Ident#: 4261124470,Ident#: 4261124500,Ident#: 4261124440,Ident#: 4261124460,Ident#: 4261124530,Ident#: SD13S",74160,11,5,"Part#: 4261124460,Part#: 4261124500,Part#: 4261124420,Part#: 4261124470,Part#: 4261124530",$366.93,18,5,Lexus SC430 2002-2010 18″ OEM Wheel All Silver,All Silver,2002-2010 Lexus SC430,8
2139-85239,112,Refurbished,"17×8.5  5 lug wheel.  WHEEL ONLY! Does not include center cap, lugs, or TPMS sensor.",Hyper,"Ident#: 2124011802,Ident#: A2124011802,Ident#: 21240118029709,Ident#: 21240118027X09",85239,4,5,"Part#: 2124011802,Part#: 21240118029709,Part#: 21240118027X09,Part#: A2124011802",$398.89$218.79$334.36$249.77,17,8,Mercedes-Benz E350 2012-2013 17″ OEM Wheel,Hyper Silver,"2012-2013 Mercedes-Benz E550,2012-2013 Mercedes-Benz E350,2013-2013 Mercedes-Benz E300,2013-2013 Mercedes-Benz E400,2012-2013 Mercedes-Benz E Class",8.5
2984-5646,5.5,Refurbished,"18×8.5  6 lug wheel.  WHEEL ONLY! Does not include center cap, lugs, or TPMS sensor.",Machined,"Ident#: AAJF,Ident#: 20937964,Ident#: 20937769,Ident#: AWAAJF",5646,40,6,"Part#: 20937769,Part#: AAJF",$227.46$308.39$170.10$226.76,18,10,Chevrolet Silverado 1500 2014-2019 18″ OEM Wheel Machined,No Variations,"2014-2019 Chevrolet Silverado 1500,2014-2019 Chevrolet Suburban,2015-2020 Chevrolet Tahoe,2019-2019 GMC Sierra 1500,2019-2019 Chevrolet Silverado 1500 LD,2015-2020 Chevrolet Suburban 1500",8.5
21230-62785,4.5,Refurbished,"19×8  5 lug wheel.  WHEEL ONLY! Does not include center cap, lugs, or TPMS sensor.",Machined,"Ident#: 403006AM3A,Ident#: 403006CG0K,Ident#: 6AM3A",62785,11,5,"Part#: 403006AM4B,Part#: 403006AM4C,Part#: 403006CG0K,Part#: 403006AM3A",$205.87,19,10,Nissan Altima 2019-2022 19″ OEM Machined Wheel Rim,Machined w/ Black Pockets,2019-2022 Nissan Altima,8
13821-63907,4.5,Refurbished,"16×6.5  5 lug wheel.  WHEEL ONLY! Does not include center cap, lugs, or TPMS sensor.",Machined,"Ident#: HL4266,Ident#: SDA665C,Ident#: SDH665A,Ident#: 42700SDAJ01",63907,20,5,"Part#: 42700SDAJ01,Part#: 8139677,Part#: 8139685,Part#: 42700SDAJ02",$190.43$213.76$333.64$148.26,16,10,Honda ACCORD 2004-2007 16″ OEM Machined Wheel Rim,Machined w/ Silver Pockets,2004-2007 Honda Accord,6.5
3359-64949,4.5,Refurbished,"17×6.5  5 lug wheel.  WHEEL ONLY! Does not include center cap, lugs, or TPMS sensor.",Painted,"Ident#: 9965266570,Ident#: 9965296570",64949,10,5,"Part#: 996526570,Part#: 9965296570,Part#: 996529670",$235.21$218.79$334.36$249.77,17,10,Mazda 5 2012-2016 17″ OEM Wheel,No Variations,2012-2016 Mazda 5,6.5
973-64958,4.5,Refurbished,"19×7.5  5 lug wheel.  WHEEL ONLY! Does not include center cap, lugs, or TPMS sensor.",Painted,"Ident#: 9965097590 LHMW MFR,Ident#: 9965077590 HITACHI MFR,Ident#: 9965087590 LHMW MFR,Ident#: 9965047590 HITACHI MFR,Ident#: 9965087590",64958,8,5,"Part#: 9965097590,Part#: 9965077590,Part#: 9965087590,Part#: 9965047590,Part#: 9965237590",$201.19$270.63$308.39$170.10,19,10,2014-2018 Mazda 6 19″ OEM Wheel Rim All Silver,All Silver,2014-2017 Mazda 6,7.5
24100-10266,4.5,Refurbished,"18×7.5  5 lug wheel.  WHEEL ONLY! Does not include center cap, lugs, or TPMS sensor.",Painted,"Ident#: LB5C1007B1A,Ident#: LB5C1007B1B",10266,22,5,Part#: LB5Z1007A,$230.21$187.57$225.56$144.57,18,10,Ford Explorer 2020-2024 18″ OEM Wheel Rim,All Silver,2020-2024 Ford Explorer,7.5
2424-69503,5.5,Refurbished,"17×7.5  6 lug wheel.  WHEEL ONLY! Does not include center cap, lugs, or TPMS sensor.",Machined,"Ident#: 4261135340,Ident#: 4261135480,Ident#: R4,Ident#: 4261135330",69503,22,6,"Part#: 4261135340,Part#: 4261135330,Part#: 4261135480",$242.72$270.63$308.39$170.10,17,6,Toyota FJ Cruiser 2007-2014 17″ OEM Machined Wheel Rim,No Variations,2007-2014 Toyota FJ Cruiser,7.5
9265-3861,4.5,Refurbished,"20×8.5  5 lug wheel.  WHEEL ONLY! Does not include center cap, lugs, or TPMS sensor.",Polished,Ident#: BB531007EA,3861,18,5,Part#: BB5Z1007C,$249.77$169.63$171.64$173.63,20,10,Ford Explorer 2011-2019 20″ OEM Wheel Polished,Polished,2011-2019 Ford Explorer,8.5
24955-75222,4.5,Refurbished,"19×8  5 lug wheel.  Wheel only, does not include center cap, lugs, or TPMS sensor.",Painted,"Ident#: 4261106E20,Ident#: BBN",75222,12,5,"Part#: 4261106E20,Part#: 4261106J70",$242.82$223.21$174.75$187.57,19,15,2018-2024 Toyota Camry 19″ OEM Wheel Rim,Gloss Black,2018-2024 Toyota Camry,8
23296-96930,4.5,Refurbished,"21×9.5  5 lug wheel.  Wheel only, does not include center cap, lugs, or TPMS sensor.",Painted,"Ident#: 118822600B,Ident#: 236F",96930,35,5,Part#: 118822600B,$410.66$187.57$225.56$144.57,21,11,2020-2023 Tesla Y 21″ Front OEM Wheel Rim,Dark Charcoal,2020-2023 Tesla Y,9.5
16143-3925,4.5,Refurbished,"19×8.5  5 lug wheel.  WHEEL ONLY! Does not include center cap, lugs, or TPMS sensor.",Hyper,"Ident#: DG131007CA,Ident#: DG13CA,Ident#: DG1Z1007J,Ident#: DG131007CB",3925,21,5,"Part#: DG1Z1007E,Part#: DG1Z1007K,Part#: DG1Z1007J",$234.01$235.52$333.64$148.26,19,15,Ford Taurus 2013-2019 19″ OEM Wheel Hyper w/ Center Cap Lip,Hyper w/ Center Cap Lip,2013-2019 Ford Taurus,8.5
16380-64098,4.5,Refurbished,"17×7  5 lug wheel.  WHEEL ONLY! Does not include center cap, lugs, or TPMS sensor.",Machined,"Ident#: TBA17070B,Ident#: 42700TBAA91,Ident#: 42700TGGA91 MACHINED GUNMETAL",64098,47,5,"Part#: TBA17070B,Part#: 42700TBAA92,Part#: 42700TBAA91,Part#: 42700TEGA91,Part#: 42700TGGA91",$182.05$235.52$333.64$148.26,17,5,Honda Civic 2016-2019 17″ OEM Machined Wheel Rim,Machined w/ Black Pockets,2016-2019 Honda CIVIC,7
13557-64964,4.5,Refurbished,"19×7  5 lug wheel.  WHEEL ONLY! Does not include center cap, lugs, or TPMS sensor.",Machined,Ident#: 9965087090,64964,8,5,Part#: 9965087090,$250.40$190.26$231.40,19,10,Mazda CX-5 2016 19″ OEM Wheel Machined,No Variations,2016-2016 Mazda CX-5,7
19905-68861,4.5,Refurbished,"18×7  5 lug wheel.  WHEEL ONLY! Does not include center cap, lugs, or TPMS sensor.",Machined,"Ident#: 28111AL16A,Ident#: C95,Ident#: A5",68861,8,5,Part#: 28111AL16A,$194.05$270.63$184.15$333.59,18,10,Subaru Outback 2018-2019 18″ OEM Wheel Machined,No Variations,"2018-2018 Subaru Legacy,2018-2019 Subaru Outback",7
20401-75152,100,New,"17×7  5 lug wheel.  WHEEL ONLY! Does not include center cap, lugs, or TPMS sensor.",Machined,"Ident#: 4261102L30,Ident#: 4261102F80,Ident#: 4261102G20,Ident#: 4261102F90,Ident#: 4261102FS80,Ident#: 4261102S80",75152,125,5,"Part#: 4261102L30,Part#: 4261102F80,Part#: 4261102G20,Part#: 4261102F90,Part#: 4261102FS80",$183.33$270.63$184.15$333.59,17,14,Toyota Corolla 2014-2016 17″ Replica Wheel Machined,Replica Machined w/ Black Pockets,2014-2016 Toyota Corolla,7
2711-69929,112,Refurbished,"18×8  5 lug wheel.  WHEEL ONLY! Does not include center cap, lugs, or TPMS sensor.",Painted,"Ident#: 561601025C,Ident#: 561601025C8Z8",69929,31,5,"Part#: 561601025C,Part#: 561601025C8Z8",$187.65,18,10,Volkswagen Passat 2012-2015 18″ OEM Wheel,All Silver,2012-2015 Volkswagen Passat,8
13857-1701,5.5,Refurbished,"15×7.5  5 lug wheel.  WHEEL ONLY! Does not include center cap, lugs, or TPMS sensor.",Polished,Ident#: F0TZ1007A,1701,11,5,"Part#: F0TZ1007A,Part#: FOTZ1007A",$183.99$237.23$199.26$204.67,15,10,Ford F-150 1990-1996 15″ OEM Wheel Polished,Polished,"1990-1996 Ford F-150,1990-1995 Ford Bronco",7.5
1614-3944,108,Refurbished,"18×7.5  5 lug wheel.  WHEEL ONLY! Does not include center cap, lugs, or TPMS sensor.",Hyper,"Ident#: CJ5C1007C1B,Ident#: CJ5CC1B,Ident#: CJ5C1007R1A,Ident#: CJ5CR1A,Ident#: CJ5C1007L1A,Ident#: CJ5C1007L1B,Ident#: CJ5CL1",3944,34,5,"Part#: CJ5Z1007J,Part#: CJ5Z1007E,Part#: CJ5Z1007G",$177.01$270.63$184.15$333.59,18,10,Ford Escape 2013-2019 18″ OEM Wheel,Hyper Silver,2013-2019 Ford Escape,7.5
752-6304,5.5,Refurbished,"16×7.5  6 lug wheel.  WHEEL ONLY! Does not include center cap, lugs, or TPMS sensor.",Machined,"Ident#: 30761,Ident#: PI5302S3A,Ident#: 9594960",6304,7,6,"Part#: 09594959,Part#: 09598240,Part#: 9598062,Part#: 19149035,Part#: 9594960,Part#: 9594959,Part#: 9597233",$191.57$348.23$310.11$175.60,16,13,Hummer H3 2006-2010 16″ OEM Wheel Machined,Machined w/ Silver Pockets,2006-2010 Hummer H3,7.5
1628-63938,4.5,Refurbished,"17×7.5  5 lug wheel.  WHEEL ONLY! Does not include center cap, lugs, or TPMS sensor.",Machined,"Ident#: TE0775A,Ident#: 42700T3LA92",63938,27,5,Part#: 42700TE0A91,$180.59$348.23$310.11$175.60,17,10,Honda ACCORD 2008-2014 17″ OEM Machined Wheel Rim,No Variations,2008-2014 Honda ACCORD,7.5
21182-64108,4.5,Refurbished,"18×8  5 lug wheel.  WHEEL ONLY! Does not include center cap, lugs, or TPMS sensor.",Machined,"Ident#: 42700TGGA71,Ident#: 42700TBFA91,Ident#: 42700TGGA72,Ident#: 42800TBAAC2,Ident#: TBF18080A",64108,17,5,"Part#: 42700TGGA72,Part#: 42800TBAAC2,Part#: 42700TGGA71,Part#: 42700TBFA91,Part#: 42700TBAAD1",$212.49$237.23$199.26$204.67,18,10,Honda CIVIC 2017-2021 18″ OEM Machined Wheel Rim,Machined w/ Black Pockets,2017-2021 Honda Civic,8
20667-64127,4.5,New,"19×8.5  5 lug wheel.  WHEEL ONLY! Does not include center cap, lugs, or TPMS sensor.",Machined,"Ident#: 42700TVAA94,Ident#: 42700TVAA93,Ident#: TVA19085A",64127,12,5,"Part#: 42700TVAA94,Part#: 42700TVAA93",$280.33$233.06,19,10,Honda ACCORD 2018-2022 19″ Replica Machined Wheel Rim,Replica Machined,2018-2022 Honda ACCORD,8.5
986-69624,4.5,Refurbished,"18×7.5  5 lug wheel.  WHEEL ONLY! Does not include center cap, lugs, or TPMS sensor.",Machined,"Ident#: 4261107080,Ident#: 4261107090",69624,1,5,"Part#: 42611YY490,Part#: 4261107080,Part#: 4261107090",$180.82$298.44$179.02$230.21,18,10,Toyota Avalon 2013-2015 18″ OEM Wheel Machined,Machined w/ Silver Pockets,2013-2015 Toyota Avalon,7.5
1632-2432,4.5,Refurbished,"18×7  5 lug wheel.  WHEEL ONLY! Does not include center cap, lugs, or TPMS sensor.",Polished,Ident#: 1TL91TRMAA,2432,19,5,"Part#: 5NL47DX8AA,Part#: 1TL91TRMAA",$242.06$319.13$194.39$230.21,18,10,Chrysler 200 2011-2014 18″ OEM Wheel Polished,Polished,"2011-2014 Chrysler 200,2012-2014 Dodge Avenger",7
21262-10172,135,Refurbished,"20×8.5  6 lug wheel.  WHEEL ONLY! Does not include center cap, lugs, or TPMS sensor.",Hyper,"Ident#: JL141007FA,Ident#: JL341007CB,Ident#: JL14FA,Ident#: JL141007MA",10172,19,6,"Part#: JL141007FA,Part#: JL3Z1007C,Part#: JL1Z1007K,Part#: JL341007CB,Part#: JL1Z1007E",$237.23$274.54$164.31$410.66,20,6,Ford F-150 2018-2020 20″ OEM Hyper Wheel Rim,Hyper Silver,"2018-2020 Ford F-150,2020-2020 Ford Expedition",8.5
2422-63919,4.5,Refurbished,"17×6.5  5 lug wheel.  WHEEL ONLY! Does not include center cap, lugs, or TPMS sensor.",Machined,"Ident#: SDB765B,Ident#: SDB765A",63919,18,5,"Part#: 8180895,Part#: 42700SDBK30,Part#: 42700SDBJ02,Part#: 42700SDBJ01",$187.62$192.42$231.40,17,9,Honda ACCORD 2004-2007 17″ OEM Machined Wheel Rim,No Variations,2004-2007 Honda ACCORD,6.5
885-70817,100,New,"16×6  4 lug wheel.  WHEEL ONLY! Does not include center cap, lugs, or TPMS sensor.",Painted,"Ident#: 529101R305,Ident#: 529101R300",70817,97,4,"Part#: 529101R305,Part#: 529101R300",$105.73$176.37$290.03$182.05,16,8,Hyundai Accent 2012-2014 16″ Replica Wheel,Replica Silver,2012-2014 Hyundai Accent,6
18835-75172,4.5,Refurbished,"18×7.5  5 lug wheel.  WHEEL ONLY! Does not include center cap, lugs, or TPMS sensor.",Machined,"Ident#: 4611206B40,Ident#: 40AUG81 C A,Ident#: 40AUG83 C A",75172,4,5,"Part#: 4261106B40,Part#: 40AUG83CA,Part#: 40AUG81CA",$445.53$229.59$242.58$189.91,18,10,Toyota Camry 2015-2017 18″ OEM Wheel Machined,Machined w/ Dark Charcoal Pockets,2015-2017 Toyota Camry,7.5
3997-5562,120,Refurbished,"19×8.5  5 lug wheel.  WHEEL ONLY! Does not include center cap, lugs, or TPMS sensor.",Machined,"Ident#: 9598209,Ident#: 09598210,Ident#: 23495269,Ident#: AWSLL,Ident#: AWAAOC",5562,1,5,"Part#: 09598210,Part#: 23495269",$410.02$168.60$195.09$144.73,19,5,2013-2016 Chevrolet Malibu 19″ OEM Wheel Rim,No Variations,"2013-2015 Chevrolet Malibu,2016-2016 Chevrolet Malibu Limited",8.5
12615-5758,120,Refurbished,"18×8.5  5 lug wheel.  WHEEL ONLY! Does not include center cap, lugs, or TPMS sensor.",Painted,"Ident#: ABDS,Ident#: 22998072,Ident#: AWABDS,Ident#: 23432011",5758,25,5,"Part#: 23432011,Part#: ABDS,Part#: 22998072",$228.82,18,5,Chevrolet Camaro 2016-2024 18″ OEM Wheel Rim,No Variations,2016-2024 Chevrolet Camaro,8.5
2372-63992,120,Refurbished,"17×7.5  5 lug wheel.  WHEEL ONLY! Does not include center cap, lugs, or TPMS sensor.",Machined,"Ident#: SZA775B,Ident#: TOPY",63992,29,5,Part#: 42700SZAA22,$173.14,17,5,Honda PILOT 2009-2011 17″ OEM Wheel Machined,No Variations,2009-2011 Honda Pilot,7.5
20543-68872,4.5,Refurbished,"20×7.5  5 lug wheel.  WHEEL ONLY! Does not include center cap, lugs, or TPMS sensor.",Machined,"Ident#: 28111XC02A,Ident#: 28111XC03A,Ident#: IE65",68872,13,5,"Part#: 28111XC02A,Part#: 28111XC03A,Part#: 28111XC07A",$306.50$243.86$142.91$198.29,20,10,Subaru Ascent 2019-2022 20″ OEM Machined Wheel Rim,Machined w/ Charcoal Pockets,2019-2022 Subaru Ascent,7.5
14810-69440,5.5,Refurbished,"17×7.5  6 lug wheel.  WHEEL ONLY! Does not include center cap, lugs, or TPMS sensor.",Painted,"Ident#: 42611AF030,Ident#: 42611AF040,Ident#: 42611AF060,Ident#: 42611AF070,Ident#: 42611AF120,Ident#: 42611AF130,Ident#: 42611AF140,Ident#: 42611AF150,Ident#: 42611AF160,Ident#: 42611AF170 BOTH HOT A & B,Ident#: 42611AF210 BOTH HOT A & B,Ident#: 42611AF170,Ident#: 42611AF210",69440,14,6,"Part#: 42611AF030,Part#: 42611AF130,Part#: 42611AF170,Part#: 42611AF210,Part#: 42611AF040,Part#: 42611AF060,Part#: 42611AF070,Part#: 42611AF120,Part#: 42611AF140,Part#: 42611AF150,Part#: 42611AF160",$197.83$184.46$197.83$166.84,17,10,Toyota Tundra 2003-2006 17″ OEM Wheel All Silver,All Silver,"2003-2006 Toyota Tundra,2003-2007 Toyota Sequoia",7.5
8344-69481,5.5,Refurbished,"18×7.5  6 lug wheel.  WHEEL ONLY! Does not include center cap, lugs, or TPMS sensor.",Hyper,"Ident#: 4261135290,Ident#: 4261135320,Ident#: P5",69481,15,6,"Part#: 4261135290,Part#: 4261135320",$222.72,18,6,Toyota 4Runner 2003-2009 18″ OEM Hyper Wheel Rim,Hyper Silver,2003-2009 Toyota 4Runner,7.5
2273-70870,4.5,Refurbished,"18×8  5 lug wheel.  WHEEL ONLY! Does not include center cap, lugs, or TPMS sensor.",Machined,Ident#: 52910B1150,70870,13,5,Part#: 52910B1150,$199.26$295.44$193.14$220.16,18,15,Hyundai Genesis 2015-2016 18″ OEM Wheel Machined,No Variations,"2015-2016 Hyundai Genesis,2017-2018 Genesis G80",8
1411-3136,5.5,Refurbished,"15×7.5  5 lug wheel.  WHEEL ONLY! Does not include center cap, lugs, or TPMS sensor.",Polished,Ident#: F4TA1007EA770,3136,12,5,Part#: F4TZ1007A,$214.25,15,10,Ford F-150 1994-1996 15″ OEM Wheel Polished,Polished,"1994-1996 Ford Bronco,1994-1996 Ford F-150",7.5
21486-3995,135,Refurbished,"17×7.5  6 lug wheel.  WHEEL ONLY! Does not include center cap, lugs, or TPMS sensor.",Painted,Ident#: FL341007AA,3995,26,6,Part#: FL3Z1007A,$182.05,17,6,Ford F-150 2015-2020 17″ OEM Wheel All Silver,All Silver,2015-2020 Ford F-150,7.5
20546-6300,6.5,Refurbished,"17×8.5  8 lug wheel.  WHEEL ONLY! Does not include center cap, lugs, or TPMS sensor.",Machined,"Ident#: QA3,Ident#: 9594459,Ident#: AWGAX,Ident#: AWDMC",6300,15,8,"Part#: 09594460,Part#: 09594462,Part#: 09595566,Part#: 09595930,Part#: 9596883,Part#: 9598883,Part#: 89047707",$303.47$194.05$270.63$184.15,17,7,2002-2009 Hummer H2 17″ OEM Wheel Rim Machined w/ Silver Pockets,Machined w/ Silver Pockets,2003-2009 Hummer H2,8.5
13668-70807,4.5,Refurbished,"17×7  5 lug wheel.  WHEEL ONLY! Does not include center cap, lugs, or TPMS sensor.",Painted,"Ident#: 529103X350,Ident#: 529103X300,Ident#: 529103Y350,Ident#: 529103Y360,Ident#: 529103Y380",70807,30,5,"Part#: 529103Y350,Part#: 529103Y360,Part#: 529103X350,Part#: 529103X300",$186.59$248.58$230.21$252.36,17,7,Hyundai Elantra 2011-2013 17″ OEM Wheel,No Variations,2011-2013 Hyundai Elantra,7
456-74148,4.5,Refurbished,"16×7  5 lug wheel.  WHEEL ONLY! Does not include center cap, lugs, or TPMS sensor.",Machined,"Ident#: 4261150170,Ident#: 4261150180,Ident#: 4261150190",74148,8,5,"Part#: 4261150170,Part#: 4261150180,Part#: 4261150190,Part#: 4261150150",$204.67$183.99$270.63$184.15,16,5,Lexus LS400 1998-2000 16″ OEM Wheel Machined,Machined w/ Silver Pockets,1998-2000 Lexus LS400,7
21259-10004,135,Refurbished,"20×8.5  6 lug wheel.  WHEEL ONLY! Does not include center cap, lugs, or TPMS sensor.",Polished,"Ident#: FL341007KA,Ident#: FL3Z1007J",10004,17,6,"Part#: FL3Z1007J,Part#: FL341007KA",$436.23$270.63$184.15$333.59,20,6,Ford F-150 2015-2020 20″ OEM Polished Wheel Rim,Polished,2015-2020 Ford F-150,8.5
12373-10006,135,Refurbished,"20×8.5  6 lug wheel.  WHEEL ONLY! Does not include center cap, lugs, or TPMS sensor.",Machined,"Ident#: FL341007JA,Ident#: FL3Z1007HA,Ident#: HL3Z1007C,Ident#: HL341007JA,Ident#: FL341007HA",10006,41,6,"Part#: FL3Z1007H,Part#: HL3Z1007C,Part#: FL341007JA,Part#: HL341007JA,Part#: FL3Z1007G",$220.16$250.40$190.26$231.40,20,12,2015-2016 Ford F-150 20″ OEM Wheel Rim Machined w/ Light Charcoal Pockets,Machined w/ Light Charcoal Pockets,2015-2020 Ford F-150,8.5
4722-10027,4.5,Refurbished,"17×7.5  5 lug wheel.  WHEEL ONLY! Does not include center cap, lugs, or TPMS sensor.",Painted,"Ident#: FR3C1007AA,Ident#: FR3CAA",10027,19,5,Part#: FR3Z1007A,$170.25$214.25$333.64$148.26,17,5,Ford Mustang 2015-2019 17″ OEM Wheel,All Silver,2015-2019 Ford Mustang,7.5
14734-10061,4.5,Refurbished,"20×9  5 lug wheel.  WHEEL ONLY! Does not include center cap, lugs, or TPMS sensor.",Machined,"Ident#: FB531007EA,Ident#: FB53EA",10061,25,5,"Part#: FB5Z1007F,Part#: FB531007EA",$266.57$214.25$333.64$148.26,20,10,2015-2019 Ford Explorer 20″ OEM Wheel Rim,No Variations,"2016-2019 Ford Explorer,2016-2017 Ford 500",9
1449-5299,5.5,Refurbished,"17×7.5  6 lug wheel.  WHEEL ONLY! Does not include center cap, lugs, or TPMS sensor.",Machined,"Ident#: PNP,Ident#: 9596344,Ident#: 9598385",5299,35,6,"Part#: 88967405,Part#: 17800947,Part#: 9598385,Part#: 9596050",$184.15$333.59$333.64$148.26,17,5,Chevrolet Silverado 1500 1999-2013 17″ OEM Machined Wheel Rim,No Variations,"2007-2013 Chevrolet Avalanche,1999-2013 Chevrolet Silverado 1500,2014-2014 GMC Savana 1500,2003-2014 Chevrolet Express 1500,2001-2014 Chevrolet Suburban 1500,2001-2014 Chevrolet Tahoe,2003-2013 Chevrolet Avalanche 1500",7.5
1449-5299,5.5,Refurbished,"17×7.5  6 lug wheel.  WHEEL ONLY! Does not include center cap, lugs, or TPMS sensor.",Machined,"Ident#: PNP,Ident#: 9596344,Ident#: 9598385",5299,35,6,"Part#: 88967405,Part#: 17800947,Part#: 9598385,Part#: 9596050",$184.15$348.23$186.59$248.58,17,5,Chevrolet Tahoe 2001-2014 17″ OEM Machined Wheel Rim,No Variations,"2007-2013 Chevrolet Avalanche,1999-2013 Chevrolet Silverado 1500,2014-2014 GMC Savana 1500,2003-2014 Chevrolet Express 1500,2001-2014 Chevrolet Suburban 1500,2001-2014 Chevrolet Tahoe,2003-2013 Chevrolet Avalanche 1500",7.5
2797-58919,112,Refurbished,"19×8  5 lug wheel.  WHEEL ONLY! Does not include center cap, lugs, or TPMS sensor.",Painted,"Ident#: 8R0601025BN,Ident#: 8R0601025AE,Ident#: 8R0601165",58919,19,5,"Part#: 8R0601025AE,Part#: 8R0601025BN",$195.39$215.61$333.64$148.26,19,10,Audi Q5 2013-2017 19″ OEM Wheel,No Variations,"2013-2017 Audi Q5,2014-2017 Audi SQ5",8
9087-59571,100,Refurbished,"17×7  4 lug wheel.  WHEEL ONLY! Does not include center cap, lugs, or TPMS sensor.",Machined,"Ident#: 36116767750,Ident#: 36116775686,Ident#: 36116787710,Ident#: 0140043001,Ident#: STYLE 98",59571,5,4,"Part#: 36116787710,Part#: 36116767750,Part#: 36116775686",$310.11$175.60$235.52$333.64,17,10,Mini Cooper 2005-2014 17″ OEM Wheel Machined,All Silver,"2008-2014 Mini Clubman,2005-2014 Mini Cooper",7
1484-70828,4.5,Refurbished,"19×8  5 lug wheel.  WHEEL ONLY! Does not include center cap, lugs, or TPMS sensor.",Hyper,Ident#: 529103V460,70828,25,5,"Part#: 529103V460,Part#: 529103V461,Part#: 529103V463,Part#: 529103V464",$218.72$175.60$235.52$333.64,19,10,Hyundai Azera 2012-2017 19″ OEM Wheel,Hyper Silver,2012-2017 Hyundai Azera,8
10104-74618,4.5,Refurbished,"18×7  5 lug wheel.  WHEEL ONLY! Does not include center cap, lugs, or TPMS sensor.",Painted,"Ident#: 529102K550,Ident#: 529102K450,Ident#: 2KF40AC000,Ident#: 529102K600",74618,12,5,"Part#: 529102K450,Part#: 529102K550,Part#: 2KF40AC000",$213.76$175.60$235.52$333.64,18,5,2009-2013 Kia Soul 18″ OEM Wheel Rim All Silver,All Silver,"2010-2013 Kia Soul,2021-2022 Volvo V60",7
19527-10167,4.5,Refurbished,"20×9  5 lug wheel.  WHEEL ONLY! Does not include center cap, lugs, or TPMS sensor.",Hyper,"Ident#: JR3C1007EA,Ident#: JR3CEA",10167,5,5,Part#: JR3Z1007C,$419.84$175.60$235.52$333.64,20,10,Ford Mustang 2018-2023 20″ OEM Hyper Wheel Rim,Hyper Silver,2018-2023 Ford Mustang,9
14136-5333,115,Refurbished,"18×7  5 lug wheel.  WHEEL ONLY! Does not include center cap, lugs, or TPMS sensor.",Machined,"Ident#: MAC,Ident#: 9596584,Ident#: 19177074",5333,14,5,"Part#: 9598242,Part#: 19177074,Part#: 09598242",$197.57$190.43$213.76$333.64,18,10,Chevrolet Impala 2008-2016 18″ OEM Wheel Machined,Machined w/ Silver Pockets,"2008-2016 Chevrolet Impala,2014-2016 Chevrolet Impala Limited",7
4591-62611,4.5,Refurbished,"16×7  6 lug wheel.  WHEEL ONLY! Does not include center cap, lugs, or TPMS sensor.",Painted,Ident#: 403009BK1A,62611,15,6,Part#: 403009BK1A,$179.34$190.43$213.76$333.64,16,12,Nissan Frontier 2013-2021 16″ OEM Wheel Rim,No Variations,"2013-2015 Nissan Xterra,2013-2021 Nissan Frontier",7
12916-64046,4.5,Refurbished,"16×7  5 lug wheel.  WHEEL ONLY! Does not include center cap, lugs, or TPMS sensor.",Machined,"Ident#: 16070A,Ident#: TA216070A,Ident#: 42700T2AA71",64046,31,5,"Part#: 42700T2AA71,Part#: T2A16070A",$164.31$187.62$192.42$231.40,16,10,Honda Accord 2013-2015 16″ OEM Wheel Machined,Machined w/ Charcoal Pockets,2013-2015 Honda ACCORD,7
19242-64075,4.5,Refurbished,"17×7.5  5 lug wheel.  WHEEL ONLY! Does not include center cap, lugs, or TPMS sensor.",Machined,"Ident#: 42700T7WA81,Ident#: 42700T7WA70,Ident#: 42700T7WA82,Ident#: T7W17075A,Ident#: 4700TSWA81",64075,31,5,"Part#: 42700T7WA70,Part#: 42700T7WA81,Part#: 42700T7WA82,Part#: 42700T7WA61",$179.02$230.21$235.52$333.64,17,5,Honda HR-V 2016-2022 17″ OEM Machined Wheel Rim,Machined Lip w/ Silver Spokes,2016-2022 Honda HR-V,7.5
18549-68839,100,Refurbished,"17×7  5 lug wheel.  WHEEL ONLY! Does not include center cap, lugs, or TPMS sensor.",Machined,"Ident#: 28111SG120,Ident#: 28111SG110,Ident#: S04701",68839,3,5,"Part#: 28111SG110,Part#: 28111SG120",$194.39$230.21$235.52$333.64,17,6,Subaru Forester 2017-2018 17″ OEM Wheel Machined,Machined w/ Dark Gray Pockets,2017-2018 Subaru Forester,7
2096-69461,5.5,Refurbished,"16×7  6 lug wheel.  WHEEL ONLY! Does not include center cap, lugs, or TPMS sensor.",Painted,"Ident#: 42611AD030,Ident#: 42611AD031",69461,25,6,"Part#: 42611AD030,Part#: 42611AD031",$186.60,16,5,Toyota Tacoma 2005-2015 16″ OEM Wheel,No Variations,2005-2015 Toyota Tacoma,7
1003-3905,108,Refurbished,"18×8  5 lug wheel.  WHEEL ONLY! Does not include center cap, lugs, or TPMS sensor.",Painted,"Ident#: CM511007AA,Ident#: CM511007AB,Ident#: CM51AA,Ident#: CM51BA,Ident#: CM511007BC",3905,11,5,"Part#: CM5Z1007B,Part#: CM5Z1007E",$298.44$179.02$230.21$235.52,18,10,2014-2018 Ford Focus 18″ OEM Wheel Rim Charcoal,Charcoal,2013-2018 Ford Focus,8
23355-3918,135,New,"22×9  6 lug wheel.  WHEEL ONLY! Does not include center cap, lugs, or TPMS sensor.",Polished,"Ident#: DL3J1007CA,Ident#: DL3JCA",3918,8,6,Part#: DL3Z1007C,$319.13$194.39$230.21$235.52,22,12,2010-2012 Ford F-150 22″ Wheel Rim Replica Polished,Replica Polished,2010-2014 Ford F-150,9
2647-3943,108,Refurbished,"17×7.5  5 lug wheel.  WHEEL ONLY! Does not include center cap, lugs, or TPMS sensor.",Painted,"Ident#: CJ5C1007B1A,Ident#: CJ5C1007B1B,Ident#: CJ5C1007B1C,Ident#: CJ5C1007B3A,Ident#: CJ5CB1A,Ident#: CJ5CB1B,Ident#: CJ5CB1C,Ident#: CJ5CB3A",3943,37,5,Part#: CJ5Z1007A,$162.00$165.35$234.01$235.52,17,5,Ford Escape 2013-2016 17″ OEM Wheel,All Silver,2013-2016 Ford Escape,7.5
6267-3959,108,Refurbished,"18×8  5 lug wheel.  WHEEL ONLY! Does not include center cap, lugs, or TPMS sensor.",Hyper,"Ident#: DS7C1007A1B,Ident#: DS7CA1B,Ident#: DSCA1B",3959,29,5,Part#: DS7Z1007K,$176.37$290.03$182.05$235.52,18,5,Ford Fusion 2013-2016 18″ OEM Wheel,All Silver,"2013-2016 Ford Fusion,2013-2014 Lincoln MKZ",8
18885-5794,120,Refurbished,"20×8  6 lug wheel.  WHEEL ONLY! Does not include center cap, lugs, or TPMS sensor.",Machined,"Ident#: 22996320,Ident#: 23101920,Ident#: AA8K,Ident#: 22996333,Ident#: AA8D,Ident#: ZCW,Ident#: AWAA8D,Ident#: AWAC8W",5794,20,6,"Part#: 23101920,Part#: 84425034,Part#: 84853343,Part#: 22996320,Part#: 22996333",$215.32$179.09$186.12$244.65,20,6,GMC Acadia 2017-2023 20″ OEM Machined Wheel Rim,Machined w/ Charcoal Pockets,"2017-2023 GMC Acadia,2018-2020 Buick Enclave,2017-2020 Cadillac XT5,2020-2020 Cadillac XT6,2019-2021 Chevrolet Blazer",8
1649-64047,4.5,Refurbished,"17×7.5  5 lug wheel.  WHEEL ONLY! Does not include center cap, lugs, or TPMS sensor.",Painted,"Ident#: 42700T2AA91,Ident#: 42700T2AA92,Ident#: 17075B,Ident#: T2A17075C,Ident#: T2A17075B,Ident#: 17075C",64047,44,5,"Part#: 42700T2AA91,Part#: 42700T2AA92",$168.60$195.09$144.73$290.03,17,10,Honda ACCORD 2013-2015 17″ OEM Wheel,No Variations,2013-2015 Honda ACCORD,7.5
13052-65465,112,Refurbished,"18×8.5  5 lug wheel.  WHEEL ONLY! Does not include center cap, lugs, or TPMS sensor.",Painted,"Ident#: 2214011902,Ident#: A2204011902",65465,12,5,"Part#: 2214011902,Part#: 66474302,Part#: B66474284,Part#: 221401190287,Part#: A2204011902,Part#: A2214011902",$229.59$242.58$189.91$290.03,18,9,2005-2008 Mercedes-Benz S550 18″ OEM Wheel Rim All Silver,All Silver,"2007-2008 Mercedes-Benz S600,2007-2008 Mercedes-Benz S550,2007-2007 Mercedes-Benz CL550",8.5
3325-71827,4.5,Refurbished,"18×7.5  5 lug wheel.  WHEEL ONLY! Does not include center cap, lugs, or TPMS sensor.",Machined,"Ident#: 42700TZ3A31,Ident#: T2318075C",71827,14,5,Part#: 42700TZ3A31,$178.94$201.83$189.91$290.03,18,10,2015-2021 Acura TLX 18″ OEM Wheel Rim,No Variations,2015-2020 Acura TLX,7.5
19798-75221,4.5,Refurbished,"18×8  5 lug wheel.  WHEEL ONLY! Does not include center cap, lugs, or TPMS sensor.",Machined,"Ident#: 4261106F80,Ident#: 4261106F90,Ident#: 4261106E10,Ident#: 4261106F70,Ident#: 4261133D10,Ident#: 4261133D30,Ident#: BBM",75221,14,5,"Part#: 4261106J00,Part#: 4261106F80,Part#: 4261106F90,Part#: 4261106E10,Part#: 4261106F70,Part#: 4261133D10,Part#: 4261133D30",$209.01$436.23$419.84$195.09,18,20,2018-2022 Toyota Camry 18″ OEM Wheel Rim Machined w/ Black Pockets,Machined w/ Black Pockets,2018-2022 Toyota Camry,8
1191-9132,110,Refurbished,"18×7  5 lug wheel.  WHEEL ONLY! Does not include center cap, lugs, or TPMS sensor.",Polished,"Ident#: 1UT92CDMAA,Ident#: 5SN87DX8AA,Ident#: 5SN87TRMAA,Ident#: 5SN87DD5AA,Ident#: 1UT92TRMAA",9132,17,5,"Part#: 5SN87AAAAA,Part#: 5SN87DX8AA,Part#: 5SN87TRMAA,Part#: 5SN87DD5AA,Part#: 1UT92CDMAA,Part#: 5SN87AAAAB",$243.86$142.91$198.29$214.25,18,10,2014-2023 Jeep Cherokee 18″ OEM Wheel Rim Polished,Polished,2014-2018 Jeep Cherokee,7
26264-2652,115,New,"20×8  5 lug wheel.  Wheel only, does not include center cap, lugs, or TPMS sensor.",Painted,"Ident#: 6MN94RNWAA,Ident#: 6MN94TRMAA",2652,47,5,Part#: 6MN94RNWAA,$260.93$223.69$153.03$214.25,20,10,2019-2023 Dodge Challenger 20″ Replica Wheel Rim,Replica Charcoal,2019-2023 Dodge Challenger,8
15012-2564,110,Refurbished,"18×7.5  5 lug wheel.  WHEEL ONLY! Does not include center cap, lugs, or TPMS sensor.",Painted,Ident#: 5XW01TRMAA,2564,4,5,Part#: 5XW01TRMAA,$295.44$193.14$220.16$214.25,18,10,Dodge Dart 2016 18″ OEM Wheel,No Variations,2016-2016 Dodge DART,7.5
1585-3408,170,Refurbished,"16×7  8 lug wheel.  WHEEL ONLY! Does not include center cap, lugs, or TPMS sensor.",Polished,"Ident#: 2C341007MB WHL,Ident#: F81A1007MA WHL,Ident#: 4C341007MA,Ident#: 2C341007MB,Ident#: F81A1007MA",3408,28,8,"Part#: 2C3Z1007MA,Part#: 4C3Z1007RA",$274.70$205.29$170.25$214.25,16,5,Ford F-250 2000-2004 16″ OEM Wheel Polished,Polished,"2000-2005 Ford Excursion,2000-2004 Ford F-250,2000-2004 Ford F-350",7
2191-3646,135,Refurbished,"20×8.5  6 lug wheel.  WHEEL ONLY! Does not include center cap, lugs, or TPMS sensor.",Machined,"Ident#: 6L341007AB,Ident#: 6L341007MA",3646,19,6,"Part#: 6L3Z1007M,Part#: 6L3Z1007AA",$251.82$348.23$186.59$248.58,20,6,Ford F-150 2006-2010 20″ OEM Machined Wheel Rim,No Variations,2006-2010 Ford F-150,8.5
21527-75156,150,Refurbished,"18×8  5 lug wheel.  WHEEL ONLY! Does not include center cap, lugs, or TPMS sensor.",Painted,Ident#: 426110C160,75156,3,5,Part#: 426110C160,$165.35$234.01$235.52$333.64,18,5,2014-2021 Toyota Tundra 18″ OEM Wheel Rim All Silver,All Silver,"2014-2020 Toyota Tundra,2018-2022 Toyota Sequoia",8
20009-69379,4.5,Refurbished,"16×6  5 lug wheel.  WHEEL ONLY! Does not include center cap, lugs, or TPMS sensor.",Machined,Ident#: 42611AA010,69379,12,5,Part#: 42611AA010,$199.32$167.34$192.91$242.06,16,6,Toyota Solara 1999-2003 16″ OEM Wheel Machined,Machined w/ Silver Pockets,1999-2003 Toyota Solara,6
14116-69604,4.5,Refurbished,"17×7  5 lug wheel.  WHEEL ONLY! Does not include center cap, lugs, or TPMS sensor.",Painted,Ident#: 4261106750,69604,33,5,"Part#: 4261106750,Part#: 4261106770",$178.63$167.34$192.91$242.06,17,5,Toyota Camry 2012-2014 17″ OEM Wheel All Silver,All Silver,2012-2014 Toyota Camry,7
8002-70392,108,Refurbished,"17×8  5 lug wheel.  WHEEL ONLY! Does not include center cap, lugs, or TPMS sensor.",Painted,"Ident#: 313739153,Ident#: 314146580,Ident#: 31381412",70392,20,5,Part#: 313739153,$224.37,17,10,Volvo S60 2014-2016 17″ OEM Wheel,No Variations,"2014-2016 Volvo S60,2015-2016 Volvo V60",8
14687-70895,4.5,Refurbished,"19×7.5  5 lug wheel.  WHEEL ONLY! Does not include center cap, lugs, or TPMS sensor.",Machined,Ident#: 52910D3410,70895,26,5,Part#: 52910D3410,$182.81$248.28$220.16$250.40,19,10,2015-2018 Hyundai Tucson 19″ OEM Wheel Rim,No Variations,2016-2018 Hyundai Tucson,7.5
5228-74185,4.5,Refurbished,"17×7.5  5 lug wheel.  WHEEL ONLY! Does not include center cap, lugs, or TPMS sensor.",Painted,"Ident#: 4261130A40  2006,Ident#: 4261130A41 FROM 2007,Ident#: 4261130A40,Ident#: 4261130A41",74185,21,5,"Part#: 4261130A41,Part#: 4261130A40,Part#: 4261130C81",$213.76$333.64$148.26$182.40,17,10,Lexus GS350 2007 17″ OEM Wheel,All Silver,"2006-2006 Lexus GS300,2007-2007 Lexus GS350",7.5
3797-74269,4.5,Refurbished,"18×8  5 lug wheel.  WHEEL ONLY! Does not include center cap, lugs, or TPMS sensor.",Hyper,"Ident#: 4261A30270 US MKT,Ident#: 4261A30250 CANADA MKT,Ident#: 4261A30251 CANADA MKT,Ident#: 4261A30271 US MKT",74269,1,5,"Part#: 4261A30270,Part#: 4261A30271,Part#: 4261A30250,Part#: 4261A30251",$266.00,18,10,Lexus GS350 2013-2015 18″ OEM Wheel,Hyper Silver,"2013-2015 Lexus GS450h,2013-2015 Lexus GS350",8
21551-75159,150,Refurbished,"20×8  5 lug wheel.  WHEEL ONLY! Does not include center cap, lugs, or TPMS sensor.",Machined,"Ident#: 426110C210,Ident#: 426110C180,Ident#: 426110C220",75159,6,5,"Part#: 426110C270,Part#: 426110C180,Part#: 426110C220,Part#: 426110C210",$386.50$209.00$164.31$187.62,20,6,2018-2021 Toyota Tundra 20″ OEM Wheel Rim Machined w/ Dark Charcoal Pockets,Machined w/ Dark Charcoal Pockets,"2014-2021 Toyota Tundra,2018-2022 Toyota Sequoia",8
18672-85057,112,New,"18×8.5  5 lug wheel.  WHEEL ONLY! Does not include center cap, lugs, or TPMS sensor.",Machined,"Ident#: 2044014202,Ident#: 20440142029700,Ident#: 066031382",85057,44,5,"Part#: 066031382,Part#: 2044014202,Part#: 20440142029700",$270.63$177.01$270.63$184.15,18,10,Mercedes-Benz C300 2008-2014 18″ Rear Replica Wheel Machined,Replica Machined,"2012-2015 Mercedes-Benz C250,2008-2015 Mercedes-Benz C350,2008-2015 Mercedes-Benz C Class,2008-2014 Mercedes-Benz C300",8.5
2624-85337,112,Refurbished,"17×7.5  5 lug wheel.  WHEEL ONLY! Does not include center cap, lugs, or TPMS sensor.",Machined,"Ident#: 2464011902,Ident#: 24640119027X44",85337,4,5,"Part#: 2464011902,Part#: A2464011902,Part#: 24640119027X44",$358.55$180.59$348.23$310.11,17,5,Mercedes-Benz CLA250 2014-2019 17″ OEM Wheel Machined,No Variations,"2014-2019 Mercedes-Benz CLA250,2014-2017 Mercedes-Benz CLA CLASS,2015-2015 Mercedes-Benz B Electric Drive,2016-2017 Mercedes-Benz B250E,2014-2019 Mercedes-Benz CLA45 AMG",7.5
20547-9136,5,Refurbished,"18×8  5 lug wheel.  WHEEL ONLY! Does not include center cap, lugs, or TPMS sensor.",Machined,"Ident#: 1VH40DD5AA,Ident#: 5NP32TRMAB,Ident#: 1VH40XZAAA,Ident#: 1VH40TRMAB,Ident#: 1VH40TRMAA",9136,11,5,"Part#: 1VH40XZAAA,Part#: 1VH40DD5AA,Part#: 7AZ97LS1AA,Part#: 1VH40XZAAB,Part#: 1VH40DD5AB",$172.54$180.59$348.23$310.11,18,10,Jeep Grand Cherokee 2014-2021 18″ OEM Machined Wheel Rim,Machined Lip w/ Charcoal Spokes,"2014-2021 Jeep Grand Cherokee,2022-2022 Jeep Grand Cherokee WK",8
26949-69133,4.5,New,"18×8  5 lug wheel.  Wheel only, does not include center cap, lugs, or TPMS sensor.",Machined,"Ident#: 4261106J30,Ident#: 4261106J40,Ident#: CBL",69133,99,5,"Part#: CBL,Part#: 4261106J50,Part#: 4261106J60,Part#: 4261106J30,Part#: 4261106J40",$173.63$180.59$348.23$310.11,18,15,2021-2024 Toyota Camry 18″ Replica Wheel Rim,Replica Machined w/ Black Pockets,2021-2024 Toyota Camry,8
26169-95132,4.5,Refurbished,"19×8.5  5 lug wheel.  Wheel only, does not include center cap, lugs, or TPMS sensor.",Painted,Ident#: 104426400A,95132,7,5,Part#: 104426400A,$287.11$212.49$242.82$218.72,19,10,2020-2023 Tesla 3 19″ OEM Wheel Rim,Sparkle Silver,2020-2023 Tesla 3,8.5
23437-96318,4.5,Refurbished,"20×8.5  5 lug wheel.  Wheel only, does not include center cap, lugs, or TPMS sensor.",Painted,"Ident#: 104422700D,Ident#: 104422700B,Ident#: 123422700D",96318,2,5,"Part#: 104422700D,Part#: 104422700B,Part#: 123422700D",$207.74$180.82$298.44$179.02,20,10,2018-2021 Tesla 3 20″ Front OEM Wheel Rim,All Silver,2018-2021 Tesla 3,8.5
10386-1311,4.5,Refurbished,"15×6  5 lug wheel.  WHEEL ONLY! Does not include center cap, lugs, or TPMS sensor.",Machined,Ident#: 78,1311,5,5,"Part#: E3TZ1007B,Part#: F0TZ1007D",$184.63$209.49$249.01$392.45,15,5,Ford Bronco II 1983-1990 15″ OEM Wheel Machined,No Variations,"1983-1990 Ford Bronco II,1983-1990 Ford Ranger",6
645-2445,110,Refurbished,"17×7.5  5 lug wheel.  WHEEL ONLY! Does not include center cap, lugs, or TPMS sensor.",Hyper,"Ident#: 1TH58TRMAB,Ident#: 1TH58TRMAC,Ident#: 1TH59TRMAC,Ident#: TH58TRMAB",2445,6,5,"Part#: 1TH58LAUAC,Part#: 1TP82XZAAC,Part#: 1TH58GSAAA,Part#: 1TH58GSAAC,Part#: 1TH58GSAAB,Part#: 1TH58JXYAC,Part#: 1TH58JXYAB",$192.91$242.06$319.13$194.39,17,10,Dodge DART 2013-2017 17″ OEM Wheel Dark Hyper,Dark Hyper,2013-2017 Dodge DART,7.5
880-3788,135,Refurbished,"20×8.5  6 lug wheel.  WHEEL ONLY! Does not include center cap, lugs, or TPMS sensor.",Polished,"Ident#: 7L141A096DB,Ident#: 9L341007LA,Ident#: 9L341007LB,Ident#: 9L3Z1007F",3788,9,6,"Part#: 7L3Z1015D,Part#: 9L3Z1007F",$246.41$237.23$274.54$164.31,20,16,2008-2014 Ford F-150 20″ OEM Wheel Rim Polished,Polished,"2009-2014 Ford F-150,2010-2014 Ford Expedition",8.5
12889-4025,115,Refurbished,"17×7  5 lug wheel.  WHEEL ONLY! Does not include center cap, lugs, or TPMS sensor.",Hyper,"Ident#: HBX,Ident#: 9595944,Ident#: DRT",4025,36,5,"Part#: 9595945,Part#: 19177650,Part#: 88967201,Part#: 9597829,Part#: 9597251",$306.22$190.54$164.31$187.62,17,9,Buick Lucerne 2006-2010 17″ OEM Hyper Wheel Rim,Hyper Silver,2006-2010 Buick Lucerne,7
22177-10121,108,Refurbished,"18×8  5 lug wheel.  WHEEL ONLY! Does not include center cap, lugs, or TPMS sensor.",Machined,"Ident#: HS7Z1007C,Ident#: HS7C1007C1A,Ident#: HS7CC1A",10121,31,5,"Part#: HS7Z1007C,Part#: HS7C1007C1A,Part#: HS7CC1A",$210.74$237.23$274.54$164.31,18,20,Ford Fusion 2017-2018 18″ OEM Wheel Machined,Machined,2017-2018 Ford Fusion,8
21303-10169,135,Refurbished,"18×7.5  6 lug wheel.  WHEEL ONLY! Does not include center cap, lugs, or TPMS sensor.",Machined,"Ident#: JL3Z1007A,Ident#: JL341007AD,Ident#: JL341007AB",10169,24,6,"Part#: JL3Z1007A,Part#: JL341007AD",$195.39$237.23$274.54$164.31,18,12,Ford F-150 2018-2020 18″ OEM Machined Wheel Rim,Machined w/ Gray Pockets,2018-2020 Ford F-150,7.5
1415-5445,4.75,Refurbished,"20×9  5 lug wheel.  WHEEL ONLY! Does not include center cap, lugs, or TPMS sensor.",Polished,"Ident#: 92230893,Ident#: AACH,Ident#: AWAACG,Ident#: AWAACH,Ident#: AAUS,Ident#: AWAA",5445,16,5,"Part#: 92230896,Part#: 92230893",$338.97$251.82$348.23$186.59,20,5,2010-2015 Chevrolet Camaro 20″ OEM Wheel Rim Polished,Polished,2010-2014 Chevrolet Camaro,9
15376-64038,120,Refurbished,"18×7.5  5 lug wheel.  WHEEL ONLY! Does not include center cap, lugs, or TPMS sensor.",Machined,"Ident#: 42700SZAA71,Ident#: SZA18075A,Ident#: 42700SJCC01",64038,6,5,"Part#: 42700SZAA71,Part#: 42700SJCC01,Part#: 08W17SZA301",$207.30$445.53$229.59$242.58,18,6,Honda Pilot 2012-2015 18″ OEM Wheel Machined,Machined w/ Gray Pockets,"2014-2014 Honda Ridgeline,2012-2015 Honda Pilot",7.5
3624-64054,4.5,Refurbished,"16×6.5  5 lug wheel.  WHEEL ONLY! Does not include center cap, lugs, or TPMS sensor.",Machined,"Ident#: 42700TR3A92,Ident#: 42700TR3A91,Ident#: 42700TR3C93,Ident#: 42700TR3C91,Ident#: TR316065A",64054,28,5,"Part#: 42700TR3A91,Part#: 42700TR3C91,Part#: 42700TR3A92,Part#: 42700TR3C93",$209.49$249.01$392.45$248.28,16,10,Honda CIVIC 2013-2015 16″ OEM Wheel Machined,No Variations,2013-2015 Honda CIVIC,6.5
15313-64095,4.5,Refurbished,"16×7  5 lug wheel.  WHEEL ONLY! Does not include center cap, lugs, or TPMS sensor.",Machined,"Ident#: 42700TBAA71,Ident#: 42700TBGA81,Ident#: TBG1607E",64095,12,5,"Part#: 42700TBAA71,Part#: 42700TBGA81",$240.10$170.10$226.76$185.91,16,10,2016-2021 Honda Civic 16″ OEM Wheel Rim Machined w/ Charcoal Pockets,Machined w/ Charcoal Pockets,2016-2020 Honda Civic,7
82-69305,5.5,Refurbished,"15×7  6 lug wheel.  WHEEL ONLY! Does not include center cap, lugs, or TPMS sensor.",Machined,,69305,7,6,"Part#: 4261135070,Part#: 426013557003,Part#: 4260160082",$233.06$410.02$168.60$195.09,15,8,Toyota 4Runner 1986-1995 15″ OEM Wheel Machined,Shank Lug Nuts,"1986-1995 Toyota 4Runner,1993-1996 Toyota T100,1986-1995 Toyota Pickup",7
20292-69408,5.5,Refurbished,"16×7  6 lug wheel.  WHEEL ONLY! Does not include center cap, lugs, or TPMS sensor.",Machined,"Ident#: 42611AF010,Ident#: 42611AF011,Ident#: 426010C010,Ident#: 42601AF010",69408,2,6,"Part#: 42611AF010,Part#: 426010C010,Part#: 42601AF010",$145.09$410.02$168.60$195.09,16,6,Toyota Sequoia 2001-2007 16″ OEM Machined Wheel Rim,Machined w/ Silver Pockets,"2001-2007 Toyota Sequoia,2005-2006 Toyota Tundra",7
1650-69445,4.5,Refurbished,"17×6.5  5 lug wheel.  WHEEL ONLY! Does not include center cap, lugs, or TPMS sensor.",Painted,Ident#: 42611AE041,69445,12,5,Part#: 42611AE041,$198.68$410.02$168.60$195.09,17,10,Toyota Sienna 2004-2007 17″ OEM Wheel,No Variations,2004-2007 Toyota Sienna,6.5
17368-71838,120,Refurbished,"20×8  5 lug wheel.  WHEEL ONLY! Does not include center cap, lugs, or TPMS sensor.",Machined,"Ident#: 42700TZ5B21,Ident#: 08W20TZ5200A,Ident#: P2520080B,Ident#: TZ520080B",71838,3,5,"Part#: 42700TYRA11,Part#: 42700TZ5B21,Part#: 08W20TZ5200A",$249.01$230.25$274.70$205.29,20,10,Acura MDX 2017-2020 20″ OEM Wheel Machined,Machined w/ Gray Pockets,2017-2020 Acura MDX,8
14581-75188,4.5,Refurbished,"18×7.5  5 lug wheel.  WHEEL ONLY! Does not include center cap, lugs, or TPMS sensor.",Hyper,"Ident#: 4261A07130,Ident#: 4261A07020",75188,10,5,"Part#: 4261A07130,Part#: 4261A07020",$477.30$170.10$226.76$185.91,18,20,Toyota Avalon 2016-2018 18″ OEM Wheel Hyper Silver,Hyper Silver,2016-2018 Toyota Avalon,7.5
867-9050,4.5,Refurbished,"15×8  5 lug wheel.  WHEEL ONLY! Does not include center cap, lugs, or TPMS sensor.",Machined,"Ident#: 5JL73HY2AA,Ident#: 5JL73PAKAA,Ident#: 5JL73TRMAA",9050,6,5,"Part#: 5JL73PAKAA,Part#: 5JL73HY2AA",$187.56$204.67$183.99$270.63,15,5,Jeep Wrangler 2003-2006 15″ OEM Machined Wheel Rim,Machined w/ Silver Pockets,2003-2006 Jeep Wrangler,8
8130-69987,112,Refurbished,"18×7.5  5 lug wheel.  WHEEL ONLY! Does not include center cap, lugs, or TPMS sensor.",Hyper,"Ident#: 5K0601025P,Ident#: 5K0601025P88Z",69987,4,5,"Part#: 5K0601025P88Z,Part#: 5K0601025P",$389.60$303.47$194.05$270.63,18,10,Volkswagen Jetta 2015-2018 18″ OEM Hyper Wheel Rim,Hyper Silver,2015-2018 Volkswagen Jetta,7.5
3397-2124,6.5,Refurbished,"16×8  8 lug wheel.  WHEEL ONLY! Does not include center cap, lugs, or TPMS sensor.",Polished,Ident#: 52106367AA,2124,11,8,Part#: 52106367AA,$314.66$220.16$250.40$190.26,16,5,Dodge Ram 2500 2000-2002 16″ OEM Wheel Polished,Polished,2000-2002 Dodge Ram 2500,8
14092-5660,5.5,Refurbished,"22×9  6 lug wheel.  WHEEL ONLY! Does not include center cap, lugs, or TPMS sensor.",Hyper,"Ident#: 22857102,Ident#: AWAA5X,Ident#: 19301164",5660,3,6,"Part#: 22857102,Part#: 19301164,Part#: 84340647,Part#: 19301190",$321.56$171.21$220.89$254.71,22,7,GMC Sierra Denali 1500 2016-2017 22″ OEM Wheel Hyper Silver,Hyper Silver,"2015-2020 Cadillac Escalade ESV,2015-2020 Chevrolet Suburban 1500,2015-2020 Chevrolet Tahoe,2014-2019 GMC Sierra 1500,2016-2017 GMC Sierra Denali 1500,2015-2020 GMC Yukon,2015-2019 GMC Yukon XL,2015-2020 Cadillac Escalade,2015-2019 Chevrolet Suburban,2014-2018 Chevrolet Silverado 1500,2019-2019 Chevrolet Silverado 1500 LD,2019-2019 GMC Sierra 1500 Limited",9
3783-5671,120,Refurbished,"17×8  6 lug wheel.  WHEEL ONLY! Does not include center cap, lugs, or TPMS sensor.",Machined,"Ident#: 22901343,Ident#: 94775680,Ident#: 23245008,Ident#: AWABMC,Ident#: AWAAYM",5671,7,6,"Part#: 94775680,Part#: 23245008",$197.29$178.33$238.67$209.49,17,5,Chevrolet Colorado 2015-2020 17″ OEM Machined Wheel Rim,No Variations,2015-2020 Chevrolet Colorado,8
18622-5761,120,Refurbished,"20×8.5  5 lug wheel.  WHEEL ONLY! Does not include center cap, lugs, or TPMS sensor.",Machined,"Ident#: ABDZ,Ident#: 22998074,Ident#: ABD4,Ident#: 23434342,Ident#: 22998076,Ident#: ABFR,Ident#: AWABD4,Ident#: AWABDZ",5761,11,5,"Part#: 22998076,Part#: 23231972,Part#: 84067165,Part#: ABD4,Part#: ABDZ,Part#: 22998074",$304.19$234.39$474.87,20,10,Chevrolet Camaro 2016-2024 20″ Front OEM Machined Wheel Rim,Machined w/ Charcoal Pockets,2016-2024 Chevrolet Camaro,8.5
21001-5934,120,Refurbished,"18×8  6 lug wheel.  WHEEL ONLY! Does not include center cap, lugs, or TPMS sensor.",Painted,"Ident#: 42497174,Ident#: 42497175",5934,25,6,"Part#: 42497174,Part#: 84853171,Part#: 42497175",$223.07$172.54$180.59$348.23,18,12,Chevrolet Blazer 2019-2022 18″ OEM Wheel Rim,All Silver,"2019-2022 Chevrolet Blazer,2022-2023 Chevrolet Traverse",8
18795-62721,4.5,Refurbished,"18×8.5  5 lug wheel.  WHEEL ONLY! Does not include center cap, lugs, or TPMS sensor.",Machined,"Ident#: 4RA3EMB96,Ident#: NR3E,Ident#: ENKEI A19",62721,33,5,"Part#: 403004RA3E,Part#: 403004RA8E",$171.21$172.54$180.59$348.23,18,10,Nissan Maxima 2016-2019 18″ OEM Wheel Machined,Machined Lip w/ Charcoal Spokes,2016-2019 Nissan Maxima,8.5
13593-64088,120,Refurbished,"18×8  5 lug wheel.  WHEEL ONLY! Does not include center cap, lugs, or TPMS sensor.",Machined,"Ident#: 42700TG7A41,Ident#: 42700TG7A51,Ident#: 18080B,Ident#: TG7 AP 3,Ident#: TF7AP18",64088,16,5,"Part#: 42700T6ZA31,Part#: 42700TG7A51,Part#: 42700TG7A41",$183.78$173.63$180.59$348.23,18,10,Honda Pilot 2016-2018 18″ OEM Machined Wheel Rim,Machined w/ Charcoal Pockets,"2017-2020 Honda Ridgeline,2016-2018 Honda Pilot",8
877-65237,112,Refurbished,"17×7.5  5 lug wheel.  WHEEL ONLY! Does not include center cap, lugs, or TPMS sensor.",Machined,"Ident#: 2104012002,Ident#: 2104011602",65237,6,5,"Part#: 2104012002,Part#: 2104011602",$220.89$207.74$180.82$298.44,17,5,Mercedes-Benz E430 2000-2002 17″ OEM Wheel Machined,Machined w/ Silver Pockets,"2000-2002 Mercedes-Benz E430,2000-2002 Mercedes-Benz E Class",7.5
1877-65389,112,Refurbished,"17×8.5  5 lug wheel.  WHEEL ONLY! Does not include center cap, lugs, or TPMS sensor.",Painted,"Ident#: 2094014302,Ident#: A2094014302",65389,1,5,"Part#: 2094014302,Part#: 66474269",$262.96$287.11$212.49$242.82,17,10,Mercedes-Benz CLK350 2006-2009 17″ Rear OEM Wheel,No Variations,2006-2009 Mercedes-Benz CLK350,8.5
2948-68761,100,Refurbished,"16×6.5  5 lug wheel.  WHEEL ONLY! Does not include center cap, lugs, or TPMS sensor.",Painted,"Ident#: 28111FG010,Ident#: 28111FG110,Ident#: 28111FG170,Ident#: 28111FG171",68761,1,5,"Part#: 28111FG010,Part#: 28111FG110,Part#: 28111FG170,Part#: 28111FG171",$167.34$192.91$242.06$319.13,16,12,Subaru Impreza 2008-2011 16″ OEM Wheel,No Variations,2008-2011 Subaru Impreza,6.5
13770-69452,4.5,Refurbished,"17×7  5 lug wheel.  WHEEL ONLY! Does not include center cap, lugs, or TPMS sensor.",Painted,"Ident#: 42611AA040 THRU 4/06,Ident#: 42611AA041 FROM 5/06,Ident#: 4261133410,Ident#: 42611AA080",69452,24,5,"Part#: 42611AA040,Part#: 42611AA041,Part#: 4261133410,Part#: 42611AA080",$208.61$246.41$237.23$274.54,17,5,2004-2009 Toyota Solara 17″ OEM Wheel Rim All Silver,All Silver,"2004-2008 Toyota Solara,2005-2006 Toyota Camry",7
8057-70322,108,Refurbished,"17×7  5 lug wheel.  WHEEL ONLY! Does not include center cap, lugs, or TPMS sensor.",Painted,"Ident#: 30748345,Ident#: 30666082,Ident#: 307483453,Ident#: 306660825",70322,11,5,"Part#: 307483453,Part#: 30666082",$360.75$306.22$237.23$274.54,17,15,Volvo S80 2007-2013 17″ OEM Wheel,No Variations,"2008-2010 Volvo S70,2007-2013 Volvo S80,2008-2010 Volvo V70",7
2199-73687,4.5,Refurbished,"19×8.5  5 lug wheel.  WHEEL ONLY! Does not include center cap, lugs, or TPMS sensor.",Hyper,"Ident#: D0300EG54A,Ident#: D0300AT54A,Ident#: EG510,Ident#: AT51,Ident#: CG41,Ident#: N031",73687,17,5,"Part#: D0300AT54A,Part#: D0300EG54A",$304.77,19,10,2006-2008 Infiniti M35 19″ OEM Wheel Rim Hyper Silver,Hyper Silver,"2006-2008 Infiniti M45,2006-2008 Infiniti M35,2006-2006 Infiniti Q45",8.5
15595-74145,150,Refurbished,"16×8  5 lug wheel.  WHEEL ONLY! Does not include center cap, lugs, or TPMS sensor.",Painted,Ident#: 4261160190,74145,3,5,"Part#: 4261160190,Part#: 4261160280,Part#: 4261160270",$200.97$210.74$237.23$274.54,16,10,Lexus LX470 1998-2002 16″ OEM Wheel All Silver,All Silver,1998-2002 Lexus LX470,8
5228-74185,4.5,Refurbished,"17×7.5  5 lug wheel.  WHEEL ONLY! Does not include center cap, lugs, or TPMS sensor.",Painted,"Ident#: 4261130A40  2006,Ident#: 4261130A41 FROM 2007,Ident#: 4261130A40,Ident#: 4261130A41",74185,21,5,"Part#: 4261130A41,Part#: 4261130A40,Part#: 4261130C81",$213.76$338.97$105.73$176.37,17,10,Lexus GS300 2006 17″ OEM Wheel,All Silver,"2006-2006 Lexus GS300,2007-2007 Lexus GS350",7.5
23612-74339,4.5,New,"20×8  5 lug wheel.  WHEEL ONLY! Does not include center cap, lugs, or TPMS sensor.",Painted,,74339,25,5,"Part#: 4261A0E120,Part#: 4261148160,Part#: 4261A0E110",$238.67$209.49$445.53$229.59,20,20,2020-2022 Lexus RX350 20″ Wheel Rim Replica Charcoal,Replica Charcoal,"2016-2022 Lexus RX450h,2016-2022 Lexus RX350",8
12538-1607,4.75,Refurbished,"15×7  5 lug wheel.  WHEEL ONLY! Does not include center cap, lugs, or TPMS sensor.",Machined,"Ident#: XJD,Ident#: XJE,Ident#: XJF,Ident#: XKF,Ident#: XKH,Ident#: XKJ,Ident#: XKK,Ident#: XMD,Ident#: XMF,Ident#: XMJ,Ident#: XMN,Ident#: XTS,Ident#: XTT,Ident#: XTU,Ident#: AR,Ident#: DAJ,Ident#: DAT,Ident#: DN",1607,2,5,"Part#: 12322685,Part#: 12322687,Part#: 14048325,Part#: 14079368,Part#: 14092875,Part#: 10174990,Part#: 12322686,Part#: 14048326,Part#: 14063789,Part#: 10174839,Part#: 10174992,Part#: 10174993,Part#: 10174838,Part#: 10174991",$254.71$240.10$445.53$229.59,15,5,Chevrolet Camaro 1982-1992 15″ OEM Wheel Machined,Machined w/ Silver Pockets,1982-1992 Chevrolet Camaro,7
1063-2480,110,Refurbished,"18×7.5  5 lug wheel.  WHEEL ONLY! Does not include center cap, lugs, or TPMS sensor.",Painted,"Ident#: 1TH59TRMAB,Ident#: 1TH67TRMAB,Ident#: 1TH59TRMAA,Ident#: 1TH67TRMAA",2480,4,5,"Part#: 1TH59TRMAB,Part#: 1TH67TRMAB,Part#: 1TP82XZAAB,Part#: 1TH59DX8AB,Part#: 5RR36GSAAA",$245.97$233.06$410.02$168.60,18,5,Dodge DART 2013-2015 18″ OEM Wheel Black,Black,2013-2015 Dodge DART,7.5
981-9136,5,Refurbished,"18×8  5 lug wheel.  WHEEL ONLY! Does not include center cap, lugs, or TPMS sensor.",Polished,"Ident#: 1VH40DD5AA,Ident#: 5NP32TRMAB,Ident#: 1VH40XZAAA,Ident#: 1VH40TRMAB,Ident#: 1VH40TRMAA",9136,15,5,"Part#: 1VH40XZAAA,Part#: 1VH40DD5AA,Part#: 7AZ97LS1AA,Part#: 1VH40XZAAB,Part#: 1VH40DD5AB",$247.21$363.46$187.56$204.67,18,10,Jeep Grand Cherokee 2014-2021 18″ OEM Polished Wheel Rim,Polished w/ Silver Spokes,"2014-2021 Jeep Grand Cherokee,2022-2022 Jeep Grand Cherokee WK",8
7171-69924,112,Refurbished,"18×8  5 lug wheel.  WHEEL ONLY! Does not include center cap, lugs, or TPMS sensor.",Painted,"Ident#: 1K8601025E,Ident#: 1K8601025E88Z,Ident#: 1K8601025R",69924,11,5,"Part#: 1K8601025E88Z,Part#: 1K8601025E",$231.80$168.54$389.60$303.47,18,10,Volkswagen CC 2012-2017 18″ OEM Wheel,No Variations,2012-2017 Volkswagen CC,8
18554-1529,4.25,Refurbished,"15×7  4 lug wheel.  WHEEL ONLY! Does not include center cap, lugs, or TPMS sensor.",Machined,"Ident#: E76YAA,Ident#: PME8WC1007BA,Ident#: PME8WCBA",1529,5,4,"Part#: F4WY1007A,Part#: E7WY1007A",$176.58$211.02$392.45$270.63,15,16,Ford Mustang 1987-1991 15″ OEM Wheel Machined,Machined w/ Silver Pockets,"1987-1991 Ford Mustang,1987-1988 Mercury Cougar",7
6419-3635,4.5,Refurbished,"17×7  5 lug wheel.  WHEEL ONLY! Does not include center cap, lugs, or TPMS sensor.",Machined,"Ident#: 6W131007BB,Ident#: 6W131007BC,Ident#: 6W131130AC",3635,4,5,"Part#: BW1Z1007A,Part#: 6W1Z1007A",$217.60$294.37$223.07$172.54,17,10,Lincoln Town Car 2005-2011 17″ OEM Machined Wheel Rim,No Variations,"2006-2011 Lincoln Lincoln,2005-2011 Lincoln Town Car",7
1620-3781,135,Refurbished,"17×7.5  6 lug wheel.  WHEEL ONLY! Does not include center cap, lugs, or TPMS sensor.",Machined,"Ident#: 9L341007EA,Ident#: 9L341007EB,Ident#: AL341007EA",3781,25,6,"Part#: AL3Z1007DCP,Part#: 9L3Z1007A,Part#: BL3Z1007E",$169.27$186.36$171.21$172.54,17,5,Ford F-150 2009-2014 17″ OEM Wheel Machined,No Variations,2009-2014 Ford F-150,7.5
1666-3860,4.5,Refurbished,"20×8.5  5 lug wheel.  WHEEL ONLY! Does not include center cap, lugs, or TPMS sensor.",Hyper,"Ident#: 6L241A096AA,Ident#: BB531007DA,Ident#: BB531A096RA,Ident#: DB531007DA,Ident#: DB5Z1007B",3860,23,5,"Part#: BB5Z1007B,Part#: DB5Z1007B",$253.41$353.71$183.78$173.63,20,10,Ford Explorer 2011-2019 20″ OEM Hyper Wheel Rim,Hyper Silver,2011-2019 Ford Explorer,8.5
5137-3922,4.5,Refurbished,"18×8  5 lug wheel.  WHEEL ONLY! Does not include center cap, lugs, or TPMS sensor.",Painted,"Ident#: DG131007AA,Ident#: DG13AA",3922,33,5,Part#: DG1Z1007C,$170.10$226.76$185.91$281.84,18,10,Ford Explorer 2013-2019 18″ OEM Wheel,No Variations,"2013-2019 Ford Explorer,2013-2019 Ford Taurus",8
2972-3969,4.5,Refurbished,"20×8  5 lug wheel.  WHEEL ONLY! Does not include center cap, lugs, or TPMS sensor.",Machined,"Ident#: EG1J1007AA,Ident#: EG1JAA",3969,,5,Part#: EG1Z1007A,$271.61$209.38$220.89$207.74,20,10,Ford Taurus 2013-2016 20″ OEM Machined Wheel Rim,No Variations,2013-2016 Ford Taurus,8
19217-3999,135,Refurbished,"18×7.5  6 lug wheel.  WHEEL ONLY! Does not include center cap, lugs, or TPMS sensor.",Machined,"Ident#: FL3Z1007NA,Ident#: FL341007NA,Ident#: FL3Z1007C,Ident#: FL341007CA,Ident#: FL341007PA,Ident#: FL341007CS",3999,13,6,"Part#: FL3Z1007L,Part#: FL3Z1007K,Part#: FL3Z1007C",$211.69,18,6,Ford F-150 2015-2020 18″ OEM Machined Wheel Rim,Machined w/ Charcoal Pockets Matte Clear,2015-2020 Ford F-150,7.5
6129-4569,115,Refurbished,"16×7  5 lug wheel.  WHEEL ONLY! Does not include center cap, lugs, or TPMS sensor.",Machined,"Ident#: RYA,Ident#: 9594396",4569,15,5,"Part#: 09594391,Part#: 09594261,Part#: 9594396,Part#: 9594391",$189.45$197.32$360.75$306.22,16,7,Cadillac DeVille 2003-2005 16″ OEM Wheel Machined,No Variations,2003-2005 Cadillac DeVille,7
16978-4790,120,Refurbished,"17×8.5  5 lug wheel.  WHEEL ONLY! Does not include center cap, lugs, or TPMS sensor.",Machined,"Ident#: 23492300,Ident#: ABJ4,Ident#: 23492585,Ident#: ABJ5",4790,5,5,"Part#: 23492300,Part#: 23492301",$276.99$218.84$208.61$246.41,17,10,Cadillac CTS 2017-2019 17″ OEM Wheel Machined,No Variations,2017-2019 Cadillac CTS,8.5
20636-10183,4.5,Refurbished,"20×8.5  5 lug wheel.  WHEEL ONLY! Does not include center cap, lugs, or TPMS sensor.",Painted,Ident#: JB531007F1A,10183,6,5,Part#: JB5Z1007A,$230.21$207.43$200.97$210.74,20,10,Ford Explorer 2018-2019 20″ OEM Wheel,All Silver,2018-2019 Ford Explorer,8.5
9296-17073,0,Refurbished,"16×7  6 lug wheel.  WHEEL ONLY! Does not include center cap, lugs, or TPMS sensor.",Polished,Ident#: 929GST,17073,6,6,,$201.35$178.63$167.34$192.91,16,6,Toyota Tacoma 2005-2011 16″ OEM Wheel Polished,Polished,"2005-2011 Toyota Tundra,2005-2011 Toyota Tacoma",7
1450-5443,4.75,Refurbished,"20×8  5 lug wheel.  WHEEL ONLY! Does not include center cap, lugs, or TPMS sensor.",Polished,"Ident#: 92230889,Ident#: AACD,Ident#: AWAACC,Ident#: AWAACD,Ident#: AWAAUR,Ident#: AAUR,Ident#: AWAA,Ident#: AWAACB",5443,3,5,"Part#: 19301172,Part#: 19302757,Part#: 92230892,Part#: 19301175,Part#: 23406147",$371.53$210.22$213.76$338.97,20,5,Chevrolet Camaro 2003-2015 20″ Front OEM Wheel Polished,Polished,"2003-2015 Chevrolet Camaro,2010-2017 Chevrolet Equinox",8
3869-5657,5.5,Refurbished,"17×8  6 lug wheel.  WHEEL ONLY! Does not include center cap, lugs, or TPMS sensor.",Machined,"Ident#: ABBM,Ident#: 20937960,Ident#: 23173537,Ident#: AWABBM",5657,28,6,"Part#: 20937960,Part#: 23173537",$233.25$191.36$216.67$207.30,17,5,Chevrolet Silverado 1500 2014-2019 17″ OEM Wheel Machined,No Variations,"2014-2019 Chevrolet Silverado 1500,2016-2017 Chevrolet Silverado,2015-2020 Chevrolet Tahoe,2014-2019 GMC Sierra 1500,2015-2019 Chevrolet Suburban,2019-2019 Chevrolet Silverado 1500 LD,2015-2019 Chevrolet Suburban 1500",8
1909-5430,132,Refurbished,"19×7.5  6 lug wheel.  WHEEL ONLY! Does not include center cap, lugs, or TPMS sensor.",Machined,Ident#: 9596176,5430,10,6,Part#: 09598456,$220.09$134.83$164.96$210.49,19,5,GMC Acadia 2009-2012 19″ OEM Wheel Machined,No Variations,2009-2012 GMC Acadia,7.5
1829-5448,4.75,Refurbished,"20×9  5 lug wheel.  WHEEL ONLY! Does not include center cap, lugs, or TPMS sensor.",Hyper,Ident#: 92230893,5448,20,5,"Part#: 92230894,Part#: 92230896",$310.93$210.55$249.10$210.49,20,5,Chevrolet Camaro 2010-2012 20″ Rear OEM Wheel,Hyper Silver,2010-2012 Chevrolet Camaro,9
1087-5650,5.5,New,"20×9  6 lug wheel.  WHEEL ONLY! Does not include center cap, lugs, or TPMS sensor.",Polished,"Ident#: AA3Z,Ident#: 20937968,Ident#: 22963360,Ident#: AWAA3Z",5650,3,6,"Part#: AA3Z,Part#: 22963360",$290.03$306.22$190.54$164.31,20,6,2014-2017 GMC Sierra 1500 20″ Wheel Rim Replica Machined,Replica Machined,"2014-2019 Chevrolet Silverado 1500,2014-2019 GMC Sierra 1500,2019-2019 GMC Sierra 1500 Limited",9
3782-5672,120,Refurbished,"17×8  6 lug wheel.  WHEEL ONLY! Does not include center cap, lugs, or TPMS sensor.",Painted,"Ident#: 22901341,Ident#: 94775678,Ident#: 23245010,Ident#: AWABMF,Ident#: AWACTC,Ident#: AWACFJ,Ident#: AWACSU,Ident#: AWAAYK",5672,16,6,"Part#: 94775678,Part#: 22901341,Part#: 84524007,Part#: 23343590,Part#: 23378276,Part#: 23245010",$197.32$360.75$306.22$237.23,17,10,Chevrolet Colorado 2015-2022 17″ OEM All Silver Wheel Rim,All Silver,"2015-2022 Chevrolet Colorado,2020-2022 GMC Canyon",8
19442-5845,120,Refurbished,"20×8  6 lug wheel.  WHEEL ONLY! Does not include center cap, lugs, or TPMS sensor.",Machined,"Ident#: 23342783,Ident#: 23344798,Ident#: AWABTV",5845,14,6,"Part#: 23342783,Part#: 84640409",$218.84$178.33$209.62$161.97,20,6,2018-2024 Chevrolet Traverse 20″ OEM Wheel Rim,No Variations,2018-2023 Chevrolet Traverse,8
448-59364,100,Refurbished,"17×7  4 lug wheel.  WHEEL ONLY! Does not include center cap, lugs, or TPMS sensor.",Painted,"Ident#: 36111512352,Ident#: 36116757859,Ident#: 36116778962,Ident#: 36116773945",59364,10,4,"Part#: 36116757859,Part#: 36111512352,Part#: 36116773945,Part#: 36116778962",$207.43$200.97$210.74$237.23,17,8,Mini Cooper 2002-2014 17″ OEM Wheel All Silver,All Silver,"2008-2014 Mini Clubman,2002-2014 Mini Cooper,2008-2014 Mini Cooper Clubman",7
14937-64090,120,Refurbished,"20×8  5 lug wheel.  WHEEL ONLY! Does not include center cap, lugs, or TPMS sensor.",Machined,"Ident#: 08W20TG7101,Ident#: 42700TG7A31,Ident#: 08W20TG7100,Ident#: 08W20TG7102,Ident#: TG7 20080A,Ident#: 20060A,Ident#: TG720080A",64090,2,5,"Part#: 08W20TG7100,Part#: 08W20TG7101,Part#: 42700TG7A31,Part#: TG720080A,Part#: 08W20TG7106,Part#: 08W20TG7102,Part#: 08W20TG7102B,Part#: 08W20TG7103B",$210.22$213.76$338.97$105.73,20,10,2016-2018 Honda Pilot 20″ OEM Wheel Rim Machined w/ Charcoal Pockets,Machined w/ Charcoal Pockets,"2016-2020 Honda Pilot,2019-2020 Honda Passport",8
2063-68738,100,Refurbished,"17×7  5 lug wheel.  WHEEL ONLY! Does not include center cap, lugs, or TPMS sensor.",Painted,"Ident#: 28111AG04A,Ident#: 28111AG33A",68738,13,5,"Part#: 28111AG04A,Part#: 28111AG33A",$191.36$216.67$207.30$445.53,17,5,Subaru Legacy 2005-2009 17″ OEM Wheel Rim,No Variations,2005-2009 Subaru Legacy,7
2456-69534,4.5,Refurbished,"17×7.5  5 lug wheel.  WHEEL ONLY! Does not include center cap, lugs, or TPMS sensor.",Painted,"Ident#: 4261148490,Ident#: 4261148500,Ident#: 426110E140",69534,8,5,"Part#: 4261148490,Part#: 426110E140,Part#: 4261148500",$178.33$238.67$209.49$445.53,17,6,Toyota Highlander 2008-2010 17″ OEM Wheel,No Variations,2008-2010 Toyota Highlander,7.5
21176-70029,112,Refurbished,"20×8  5 lug wheel.  WHEEL ONLY! Does not include center cap, lugs, or TPMS sensor.",Painted,"Ident#: 3QF601025J8Z8,Ident#: 3QF601025J,Ident#: 3QF601025K,Ident#: 3QF601025KAX1",70029,8,5,"Part#: 3QF601025J8Z8,Part#: 3QF601025K,Part#: 3QF601025KAX1",$268.92$254.71$240.10$445.53,20,15,Volkswagen Atlas 2018-2020 20″ OEM All Silver Wheel Rim,All Silver,"2018-2018 Volkswagen 4Motion,2018-2020 Volkswagen Atlas",8
13616-70883,4.5,Refurbished,"17×7  5 lug wheel.  WHEEL ONLY! Does not include center cap, lugs, or TPMS sensor.",Painted,Ident#: 52910A5800,70883,5,5,Part#: 52910A5800,$232.50$245.97$233.06$410.02,17,10,Hyundai Elantra GT 2016-2017 17″ OEM Wheel,No Variations,"2016-2017 Hyundai Elantra,2016-2017 Hyundai Elantra GT",7
20697-70948,4.5,Refurbished,"19×7.5  5 lug wheel.  WHEEL ONLY! Does not include center cap, lugs, or TPMS sensor.",Machined,"Ident#: 52910S1310,Ident#: RHNJ",70948,17,5,Part#: 52910S1310,$203.61$201.67$145.09$410.02,19,10,2019-2021 Hyundai Santa Fe 19″ OEM Wheel Rim,No Variations,2019-2020 Hyundai Santa Fe,7.5
961-74190,4.5,Refurbished,"17×7  5 lug wheel.  WHEEL ONLY! Does not include center cap, lugs, or TPMS sensor.",Painted,"Ident#: 4261133550 US MKT,Ident#: 4261133630 US MKT,Ident#: 4261133660 CANADA MKT,Ident#: 4261A33020 US MKT,Ident#: 4261A33030 CANADA MKT,Ident#: 4261133640 CANADA MKT,Ident#: 4261133630,Ident#: 4261133640,Ident#: 4261133660,Ident#: 4261A33020,Ident#: 4261A33030",74190,29,5,"Part#: 4261133550,Part#: 4261133630,Part#: 4261133660,Part#: 4261133640,Part#: 4261A33020,Part#: 4261A33030",$209.62$183.02$198.68$410.02,17,7,Lexus ES350 2007-2010 17″ OEM Wheel All Silver,All Silver,2007-2010 Lexus ES350,7
14562-75189,5.5,Refurbished,"16×7  6 lug wheel.  WHEEL ONLY! Does not include center cap, lugs, or TPMS sensor.",Machined,Ident#: 4261104160,75189,12,6,"Part#: 4261104160,Part#: 4261104161,Part#: 4261104220,Part#: 4261104221",$187.25$176.15$251.04$306.50,16,12,2016-2023 Toyota Tacoma 16″ OEM Wheel Rim,No Variations,2016-2023 Toyota Tacoma,7
21484-85146,112,Refurbished,"18×8.5  5 lug wheel.  WHEEL ONLY! Does not include center cap, lugs, or TPMS sensor.",Machined,"Ident#: 2124013602,Ident#: A2124013602,Ident#: 212401360288,Ident#: 2124043602",85146,8,5,"Part#: 2124013602,Part#: 212401360288,Part#: A2124013602",$470.67$321.32$206.83$230.25,18,10,Mercedes-Benz E550 2011-2013 18″ Front OEM Wheel Machined,Machined,"2011-2013 Mercedes-Benz E Class,2011-2013 Mercedes-Benz E350,2011-2013 Mercedes-Benz E550,2013-2013 Mercedes-Benz E300,2011-2013 Mercedes-Benz E400",8.5
195-9107,5,Refurbished,"20×8  5 lug wheel.  WHEEL ONLY! Does not include center cap, lugs, or TPMS sensor.",Hyper,"Ident#: 1JD14DD5AB,Ident#: 1JD14TRMAA,Ident#: 1JD14TRMAB,Ident#: 1JD14TRMAC",9107,13,5,"Part#: 1JD14AAAAD,Part#: 1JD14AAAAC,Part#: 1JD14TRMAC,Part#: 1JD14DD5AE,Part#: 1JD14DD5AB,Part#: 1JD14DD5AC,Part#: 1JD14XZAAD",$223.32$201.68$477.30$358.55,20,5,Jeep Grand Cherokee 2011-2013 20″ OEM Wheel Light Hyper,Light Hyper,2011-2013 Jeep Grand Cherokee,8
22824-9130,110,Refurbished,"17×7  5 lug wheel.  WHEEL ONLY! Does not include center cap, lugs, or TPMS sensor.",Painted,"Ident#: 1UT90GSAAA,Ident#: 1UT90TRMAA",9130,31,5,"Part#: 1UT91RXFAA,Part#: 5SN87AAAAA,Part#: 1UT90TRMAA,Part#: 1UT90DD5AA,Part#: 1UT90GSAAA",$161.97$217.60$271.61$371.53,17,10,2014-2017 Jeep Cherokee 17″ OEM Wheel Rim All Silver,All Silver,2014-2018 Jeep Cherokee,7
901-3657,135,Refurbished,"18×8.5  6 lug wheel.  WHEEL ONLY! Does not include center cap, lugs, or TPMS sensor.",Machined,"Ident#: 7L141007BB,Ident#: 7L141007BC,Ident#: 7L141A096BA,Ident#: 8L1J1A096AB,Ident#: 7L141007BD,Ident#: 7L141A096BB",3657,24,6,"Part#: BL1Z1007A,Part#: BL1Z1007C,Part#: 7L1Z1007B",$231.80$147.02$187.23$187.79,18,12,Ford Expedition 2007-2014 18″ OEM Wheel Machined,Machined w/ Silver Pockets,2007-2014 Ford Expedition,8.5
5137-3922,4.5,Refurbished,"18×8  5 lug wheel.  WHEEL ONLY! Does not include center cap, lugs, or TPMS sensor.",Painted,"Ident#: DG131007AA,Ident#: DG13AA",3922,33,5,Part#: DG1Z1007C,$170.10$147.02$187.23$187.79,18,10,Ford Taurus 2013-2019 18″ OEM Wheel,No Variations,"2013-2019 Ford Explorer,2013-2019 Ford Taurus",8
758-3960,108,Refurbished,"18×8  5 lug wheel.  WHEEL ONLY! Does not include center cap, lugs, or TPMS sensor.",Hyper,"Ident#: DS7C1007P1A,Ident#: DS7C1007P1B,Ident#: DS7CP1A,Ident#: DS7CP1B,Ident#: DS7C1007B1B,Ident#: DS7CB1B,Ident#: DS7Z1007J",3960,32,5,"Part#: DS7Z1007J,Part#: GS7Z1007A,Part#: DS7Z1007L",$267.88$273.83$201.19,18,20,Ford Fusion 2013-2016 18″ OEM Wheel Hyper Silver,Hyper Silver,"2013-2016 Ford Fusion,2013-2014 Lincoln MKZ",8
6042-4718,120,Refurbished,"18×8.5  5 lug wheel.  WHEEL ONLY! Does not include center cap, lugs, or TPMS sensor.",Polished,"Ident#: 23122157,Ident#: 20984816,Ident#: 20984817,Ident#: AWAAJ8,Ident#: AWAA9U",4718,,5,Part#: 23122157,$424.93,18,15,Cadillac CTS 2014-2019 18″ OEM Wheel Polished,Polished,2014-2019 Cadillac CTS,8.5
4725-10030,4.5,Refurbished,"18×8  5 lug wheel.  WHEEL ONLY! Does not include center cap, lugs, or TPMS sensor.",Machined,"Ident#: FR3C1007BA,Ident#: FR3C1007BB,Ident#: FR3CBA,Ident#: FR3CBB",10030,19,5,Part#: FR3Z1007B,$197.68$183.42$166.83,18,10,Ford Mustang 2015-2017 18″ OEM Wheel Machined,No Variations,2015-2017 Ford Mustang,8
22823-10045,108,Refurbished,"19×8  5 lug wheel.  WHEEL ONLY! Does not include center cap, lugs, or TPMS sensor.",Hyper,"Ident#: FT4C1007C1A,Ident#: FT4CC1A,Ident#: JT4J1007A1A,Ident#: JT4JA1A",10045,27,5,"Part#: JT4Z1007A,Part#: FT4Z1007D",$231.04$410.70$225.34,19,10,Ford Edge 2015-2019 19″ OEM Wheel Hyper Silver,Hyper Silver,2015-2019 Ford Edge,8
20356-10046,108,Refurbished,"20×8  5 lug wheel.  WHEEL ONLY! Does not include center cap, lugs, or TPMS sensor.",Machined,"Ident#: FT4C1007F1A,Ident#: FT4C1007F1B,Ident#: FT4CF1A,Ident#: FT4CF1B,Ident#: FT4C1007H1A,Ident#: 4T4C1007L1A",10046,21,5,"Part#: FT4C1007H1A,Part#: FT4Z1007F",$293.01$290.03$306.22$190.54,20,10,2015-2017 Ford Edge 20″ OEM Wheel Rim Machined w/ Charcoal Pockets,Machined w/ Charcoal Pockets,2015-2018 Ford Edge,8
14719-10075,108,Refurbished,"20×8  5 lug wheel.  WHEEL ONLY! Does not include center cap, lugs, or TPMS sensor.",Machined,"Ident#: FA1C1007C1A,Ident#: FA1CC1A",10075,11,5,Part#: FA1Z1007C,$295.92$258.30$242.45,20,20,Lincoln MKX 2016-2018 20″ OEM Wheel Machined,No Variations,2016-2018 Lincoln MKX,8
22176-10121,108,New,"18×8  5 lug wheel.  WHEEL ONLY! Does not include center cap, lugs, or TPMS sensor.",Machined,"Ident#: HS7Z1007C,Ident#: HS7C1007C1A,Ident#: HS7CC1A",10121,155,5,"Part#: HS7Z1007C,Part#: HS7C1007C1A,Part#: HS7CC1A",$134.83$164.96$210.49,18,20,Ford Fusion 2017-2018 18″ Replica Wheel Machined,Replica Machined,2017-2018 Ford Fusion,8
1121-5560,120,Refurbished,"18×8  5 lug wheel.  WHEEL ONLY! Does not include center cap, lugs, or TPMS sensor.",Painted,"Ident#: 9598206,Ident#: 09598208,Ident#: 23123754,Ident#: 20982442,Ident#: AWAA9X,Ident#: AWAA9Y,Ident#: AWJMX,Ident#: AWAAJ5",5560,25,5,"Part#: 20982442,Part#: 23123760,Part#: 23123754",$210.55$249.10$210.49,18,10,Chevrolet Malibu 2013-2016 18″ OEM Wheel All Silver,All Silver,"2013-2016 Chevrolet Malibu,2016-2016 Chevrolet Malibu Limited",8
20644-64080,4.5,New,"17×7.5  5 lug wheel.  WHEEL ONLY! Does not include center cap, lugs, or TPMS sensor.",Machined,"Ident#: 42700T2AL73,Ident#: 42700T2AL74,Ident#: T2917075D",64080,51,5,"Part#: 42700T2AL73,Part#: 42700T2AL74",$179.66$221.75$187.21,17,7,Honda ACCORD 2016-2017 17″ Replica Wheel Machined,Replica Machined w/ Black Pockets,2016-2017 Honda ACCORD,7.5
1364-64958,4.5,Refurbished,"19×7.5  5 lug wheel.  WHEEL ONLY! Does not include center cap, lugs, or TPMS sensor.",Hyper,"Ident#: 9965097590 LHMW MFR,Ident#: 9965077590 HITACHI MFR,Ident#: 9965087590 LHMW MFR,Ident#: 9965047590 HITACHI MFR,Ident#: 9965087590",64958,6,5,"Part#: 9965097590,Part#: 9965077590,Part#: 9965087590,Part#: 9965047590,Part#: 9965237590",$224.09$289.59$175.03,19,10,2014-2018 Mazda 6 19″ OEM Wheel Rim Light Hyper,Light Hyper,2014-2017 Mazda 6,7.5
3090-69792,100,Refurbished,"15×6  5 lug wheel.  WHEEL ONLY! Does not include center cap, lugs, or TPMS sensor.",Painted,"Ident#: 1C0601025F,Ident#: 1C0601025FZ31",69792,13,5,Part#: 1C0601025FZ31,$163.86$233.21$145.63,15,5,Volkswagen Jetta 2003-2011 15″ OEM Wheel,All Silver,2003-2011 Volkswagen Jetta,6
8023-70368,108,Refurbished,"17×7  5 lug wheel.  WHEEL ONLY! Does not include center cap, lugs, or TPMS sensor.",Painted,"Ident#: 30756703,Ident#: 31200602,Ident#: 31373480,Ident#: 307567032,Ident#: 31381241",70368,15,5,"Part#: 307567032,Part#: 30756703,Part#: 31373480,Part#: 31200602",$173.20$239.35$257.23$157.40,17,5,Volvo S60 2011-2013 17″ OEM Wheel,No Variations,"2011-2013 Volvo S60,2012-2013 Volvo V60",7
906-70804,4.5,Refurbished,"18×7.5  5 lug wheel.  WHEEL ONLY! Does not include center cap, lugs, or TPMS sensor.",Hyper,"Ident#: 529103Q350,Ident#: 529103Q310,Ident#: 529103S350",70804,12,5,"Part#: 29103S350,Part#: 529103Q350,Part#: 529103Q310",$191.28$323.65$295.92$157.40,18,10,2010-2014 Hyundai Sonata 18″ OEM Wheel Rim Hyper Silver,Hyper Silver,2011-2014 Hyundai Sonata,7.5
6165-74167,5.5,Refurbished,"17×7.5  6 lug wheel.  WHEEL ONLY! Does not include center cap, lugs, or TPMS sensor.",Hyper,"Ident#: 4261160320,Ident#: 4261160411,Ident#: 4261160410,Ident#: 4261A60050,Ident#: 4261160760,Ident#: 4261160A20",74167,7,6,"Part#: 42611604010,Part#: 4261160320,Part#: 4261A60050,Part#: 4261160410,Part#: 4261160411,Part#: 4261160760,Part#: 4261160A20",$185.46,17,10,2002-2009 Lexus GX470 17″ OEM Wheel Rim Hyper Silver,Hyper Silver,2003-2009 Lexus GX470,7.5
13902-74168,4.5,Refurbished,"16×7.5  5 lug wheel.  WHEEL ONLY! Does not include center cap, lugs, or TPMS sensor.",Painted,"Ident#: 426113A211,Ident#: 426113A220,Ident#: 426113A230",74168,4,5,"Part#: 426113A211,Part#: 426113A220,Part#: 426113A230",$175.07$290.03$306.22$190.54,16,6,Lexus GS300 2001-2005 16″ OEM Wheel All Silver,All Silver,"2001-2005 Lexus GS430,2001-2005 Lexus GS300",7.5
16937-9159,110,Refurbished,"18×7  5 lug wheel.  WHEEL ONLY! Does not include center cap, lugs, or TPMS sensor.",Painted,"Ident#: 5XT12DX8AA,Ident#: 5XT12TRMAA",9159,28,5,"Part#: 5XT12DX8AA,Part#: 5XT12TRMAA",$235.58$243.03$195.75$264.75,18,5,Jeep Cherokee 2015-2023 18″ OEM Wheel Rim,Gloss Black,2015-2023 Jeep Cherokee,7
18724-9168,5,Refurbished,"20×8  5 lug wheel.  WHEEL ONLY! Does not include center cap, lugs, or TPMS sensor.",Painted,"Ident#: 5XL061STAA,Ident#: 5XL06NTZAA,Ident#: 5XL05XZAAA,Ident#: 5XL06TRMAA,Ident#: 5XL06XZAAA",9168,1,5,"Part#: 5XL06XZAAA,Part#: 5XL06DX8AA,Part#: 5XL06MA7AA,Part#: 5XL06TRMAA,Part#: 5XL061STAA,Part#: 5XL06NTZAA,Part#: 5XL05XZAAA",$262.82$202.73$187.99$233.06,20,10,Jeep Grand Cherokee 2016-2021 20″ OEM Black Wheel Rim,Black,"2016-2021 Jeep Grand Cherokee,2022-2022 Jeep Grand Cherokee WK",8
23613-58911,112,Refurbished,"18×8  5 lug wheel.  WHEEL ONLY! Does not include center cap, lugs, or TPMS sensor.",Painted,"Ident#: 8K0601025BC,Ident#: 8K0601025BT,Ident#: 4F0601165N",58911,10,5,"Part#: 8K0601025BC,Part#: 8K0601025BT,Part#: 8K0601025BC8Z8,Part#: 8K0601025BT8Z8,Part#: 8K0071497B8Z8,Part#: 8K0601025P,Part#: 8K0601025CE",$179.93$267.68$184.45$185.77,18,10,Audi A4 2013-2014 18″ OEM Wheel All Silver,All Silver,2013-2014 Audi A4,8
25384-58949,112,New,"18×8  5 lug wheel.  WHEEL ONLY! Does not include center cap, lugs, or TPMS sensor.",Hyper,"Ident#: 8V0601025AQ,Ident#: 8V0601025AR",58949,2,5,Part#: 8V0601025AQ,$163.93$267.68$184.45$185.77,18,10,Audi A3 2015-2018 18″ Replica Wheel,Replica Silver,2015-2018 Audi A3,8
3914-2492,5,Refurbished,"18×8  5 lug wheel.  WHEEL ONLY! Does not include center cap, lugs, or TPMS sensor.",Painted,"Ident#: 1XC16GSAA,Ident#: 5NL76CDMAA,Ident#: 1XC16TRMAA,Ident#: 5NL76TRMAA,Ident#: 1XC16GSAAA",2492,22,5,"Part#: 4755212AA,Part#: 1XC16GSAAA,Part#: 1XC16GSAAB,Part#: 1XC16GSAAD,Part#: 1XC16GSAA,Part#: 1XC16GSAAC,Part#: 5NL76CDMAA,Part#: 1XC16DD5AC",$147.02$219.57$177.98$198.52,18,10,Dodge Durango 2014-2024 18″ OEM All Silver Wheel Rim,All Silver,2014-2024 Dodge Durango,8
18786-3960,108,Refurbished,"18×8  5 lug wheel.  WHEEL ONLY! Does not include center cap, lugs, or TPMS sensor.",Painted,"Ident#: DS7C1007P1A,Ident#: DS7C1007P1B,Ident#: DS7CP1A,Ident#: DS7CP1B,Ident#: DS7C1007B1B,Ident#: DS7CB1B,Ident#: DS7Z1007J",3960,11,5,"Part#: DS7Z1007J,Part#: GS7Z1007A,Part#: DS7Z1007L",$200.22$226.76$185.91$281.84,18,20,Ford Fusion 2013-2016 18″ OEM Wheel Gloss Black,Gloss Black,"2013-2016 Ford Fusion,2013-2014 Lincoln MKZ",8
6266-3961,108,Refurbished,"18×8  5 lug wheel.  WHEEL ONLY! Does not include center cap, lugs, or TPMS sensor.",Polished,"Ident#: DS7C1007C1A,Ident#: DS7CC1A",3961,37,5,Part#: DS7Z1007C,$254.16$424.93$196.35$177.96,18,20,Ford Fusion 2013-2016 18″ OEM Wheel Polished,Polished,2013-2016 Ford Fusion,8
1229-4131,132,Refurbished,"19×7.5  6 lug wheel.  WHEEL ONLY! Does not include center cap, lugs, or TPMS sensor.",Machined,"Ident#: 22974278,Ident#: 22752687,Ident#: AWAA5K",4131,21,6,"Part#: 17802019,Part#: 22974278",$177.91$267.88$273.83$201.19,19,10,Buick Enclave 2013-2017 19″ OEM Wheel Machined,Machined w/ Charcoal Pockets,2013-2017 Buick Enclave,7.5
2847-4702,115,Refurbished,"17×8  5 lug wheel.  WHEEL ONLY! Does not include center cap, lugs, or TPMS sensor.",Painted,"Ident#: 9598563,Ident#: 22921891,Ident#: 22921892,Ident#: AWAAZ7,Ident#: AWAAZ8",4702,13,5,"Part#: 22921892,Part#: 22921891",$174.54$197.68$183.42$166.83,17,7,Cadillac ATS 2013-2016 17″ OEM Wheel,No Variations,2013-2016 Cadillac ATS,8
16660-10110,108,Refurbished,"18×7.5  5 lug wheel.  WHEEL ONLY! Does not include center cap, lugs, or TPMS sensor.",Painted,"Ident#: GJ5Z1007A,Ident#: GJ5C1007C1A,Ident#: GJ5CC1A",10110,18,5,"Part#: GJ5C1007C1A,Part#: GJ5CC1A,Part#: GJSC1007CIAHIA,Part#: GJ5Z1007A",$210.51$231.04$410.70$225.34,18,10,2017-2019 Ford Escape 18″ OEM Wheel Rim,No Variations,2016-2019 Ford Escape,7.5
18990-5079,6.5,Refurbished,"16×6.5  8 lug wheel.  WHEEL ONLY! Does not include center cap, lugs, or TPMS sensor.",Polished,"Ident#: RWT,Ident#: TYK,Ident#: TYQ,Ident#: 9594142,Ident#: 12368959,Ident#: 9592555,Ident#: 15039488,Ident#: 15039489",5079,8,8,"Part#: 12368959,Part#: 9592555,Part#: 12368964,Part#: 12487570",$233.11$295.92$258.30$242.45,16,10,Chevrolet Silverado 2500 1999-2010 16″ OEM Wheel Polished,Polished,"2002-2006 Chevrolet Avalanche 2500,2001-2007 GMC Sierra 1500,2001-2007 Chevrolet Silverado 1500,1999-2010 GMC Sierra 2500,1999-2010 Chevrolet Silverado 2500,2000-2013 Chevrolet Suburban 2500,2000-2013 GMC Yukon XL 2500,2001-2007 Chevrolet Silverado 1500 HD,1999-2010 Chevrolet Silverado 3500,2001-2007 GMC Sierra 1500 HD,1999-2010 GMC Sierra 3500",6.5
29-5308,5.5,Refurbished,"20×8.5  6 lug wheel.  WHEEL ONLY! Does not include center cap, lugs, or TPMS sensor.",Polished,"Ident#: UXD,Ident#: 9597195,Ident#: JKB,Ident#: 9597680,Ident#: 9596954,Ident#: 9596007,Ident#: 9598764,Ident#: 9597685",5308,29,6,"Part#: 09597680,Part#: 09597681,Part#: 9597680,Part#: 17800924,Part#: 9597685,Part#: 9597195,Part#: 09596007,Part#: 19122259,Part#: 9598754",$294.37$293.01$410.70$225.34,20,5,Chevrolet Tahoe 2001-2014 20″ OEM Polished Wheel Rim,Polished,"1999-2013 Chevrolet Silverado 1500,2007-2013 Chevrolet Avalanche,2001-2014 Chevrolet Suburban 1500,2001-2014 Chevrolet Tahoe,2003-2013 Chevrolet Avalanche 1500",8.5
20456-5724,105,Refurbished,"17×7  5 lug wheel.  WHEEL ONLY! Does not include center cap, lugs, or TPMS sensor.",Machined,"Ident#: 23230397,Ident#: 22971549,Ident#: 23251535,Ident#: 84451764",5724,3,5,"Part#: 23251535,Part#: 23230397,Part#: 84451764",$297.72$206.93$175.07$281.84,17,10,Chevrolet Volt 2016-2019 17″ OEM Machined Wheel Rim,Machined w/ Silver Pockets,2016-2019 Chevrolet Volt,7
14823-58749,112,Refurbished,"17×7.5  5 lug wheel.  WHEEL ONLY! Does not include center cap, lugs, or TPMS sensor.",Painted,"Ident#: 4F0601025AF,Ident#: 8E0601025E",58749,7,5,"Part#: 4F0601025AFZ17,Part#: 8E0601025EZ17",$153.30$241.96$235.58$243.03,17,5,Audi A4 2002-2011 17″ OEM Wheel All Silver,All Silver,2002-2011 Audi A4,7.5
12386-62593,4.5,Refurbished,"17×7.5  5 lug wheel.  WHEEL ONLY! Does not include center cap, lugs, or TPMS sensor.",Painted,"Ident#: 403003TA2C,Ident#: MB843TA2B,Ident#: MB84 3TA2B",62593,24,5,"Part#: 403003TA2C,Part#: 403003TA2D,Part#: 403003TA2E,Part#: A2054010200,Part#: 403003TA2B",$147.27$169.22,17,10,Nissan Altima 2013-2015 17″ OEM Wheel All Silver,All Silver,2013-2015 Nissan Altima,7.5
3450-63839,4.5,Refurbished,"16×6.5  5 lug wheel.  WHEEL ONLY! Does not include center cap, lugs, or TPMS sensor.",Machined,,63839,12,5,"Part#: 6788129,Part#: 42700S0XA81",$184.45$185.77,16,7,Honda Odyssey 2002-2004 16″ OEM Wheel Machined,No Variations,2002-2004 Honda Odyssey,6.5
3628-64057,120,Refurbished,"17×7  5 lug wheel.  WHEEL ONLY! Does not include center cap, lugs, or TPMS sensor.",Machined,"Ident#: TK817070B,Ident#: 42700TK8A41",64057,32,5,"Part#: TK817070B,Part#: 42700TK8A41",$177.98$198.52,17,10,Honda ODYSSEY 2014-2017 17″ OEM Wheel Machined,No Variations,2014-2017 Honda Odyssey,7
14132-64946,4.5,Refurbished,"16×6.5  5 lug wheel.  WHEEL ONLY! Does not include center cap, lugs, or TPMS sensor.",Painted,Ident#: 9965C26560,64946,14,5,"Part#: 9965C26560,Part#: 9965424050,Part#: 9965E16560",$196.35$177.96,16,10,2012-2014 Mazda 3 16″ OEM Wheel Rim All Silver,All Silver,2012-2013 Mazda 3,6.5
21320-64958,4.5,Refurbished,"19×7.5  5 lug wheel.  WHEEL ONLY! Does not include center cap, lugs, or TPMS sensor.",Hyper,"Ident#: 9965097590 LHMW MFR,Ident#: 9965077590 HITACHI MFR,Ident#: 9965087590 LHMW MFR,Ident#: 9965047590 HITACHI MFR,Ident#: 9965087590",64958,3,5,"Part#: 9965097590,Part#: 9965077590,Part#: 9965087590,Part#: 9965047590,Part#: 9965237590",$183.42$166.83,19,10,2014-2018 Mazda 6 19″ OEM Wheel Rim Dark Hyper,Dark Hyper,2014-2017 Mazda 6,7.5
64-65432,112,Refurbished,"18×8.5  5 lug wheel.  WHEEL ONLY! Does not include center cap, lugs, or TPMS sensor.",Painted,"Ident#: 2114015302,Ident#: A2114015302,Ident#: B66474332",65432,1,5,"Part#: 2114015302,Part#: 211401530287,Part#: 211401530288,Part#: 21140153029765,Part#: 21140153027X07",$410.70$225.34,18,20,Mercedes-Benz E350 2007-2009 18″ Front OEM Wheel Painted,All Silver,"2007-2009 Mercedes-Benz E350,2007-2009 Mercedes-Benz E550,2007-2009 Mercedes-Benz E320,2007-2009 Mercedes-Benz E63 AMG",8.5
8416-68829,4.5,Refurbished,"17×8  5 lug wheel.  WHEEL ONLY! Does not include center cap, lugs, or TPMS sensor.",Painted,Ident#: 28111VA020,68829,26,5,Part#: 28111VA020,$258.30$242.45,17,15,Subaru WRX 2015-2021 17″ OEM Wheel Rim,Charcoal,2015-2021 Subaru WRX,8
12981-68836,100,Refurbished,"17×7  5 lug wheel.  WHEEL ONLY! Does not include center cap, lugs, or TPMS sensor.",Machined,"Ident#: 28111FJ170,Ident#: 009247,Ident#: C67",68836,4,5,Part#: 28111FJ170,$164.96$210.49,17,10,Subaru Crosstrek 2016-2017 17″ OEM Wheel Machined,No Variations,2016-2017 Subaru Crosstrek,7
19024-68851,4.5,Refurbished,"18×8.5  5 lug wheel.  WHEEL ONLY! Does not include center cap, lugs, or TPMS sensor.",Painted,"Ident#: 28111VA170,Ident#: C92,Ident#: 28111VA310",68851,28,5,"Part#: 28111VA170,Part#: 28111VA310",$249.10$210.49,18,10,Subaru WRX 2018-2021 18″ OEM Wheel Rim,No Variations,2018-2021 Subaru WRX,8.5
2150-69496,4.5,Refurbished,"16×6.5  5 lug wheel.  WHEEL ONLY! Does not include center cap, lugs, or TPMS sensor.",Painted,"Ident#: 4261106360 N AMER THRU 10/06,Ident#: 4261133530 JAP THRU 2/06,Ident#: 4261133531 JAP FROM 3/06,Ident#: 4261106361 N AMER FROM 11/06,Ident#: 4261133620 JAP FROM 3/06,Ident#: 4261106360,Ident#: 4261106361,Ident#: 4261133530,Ident#: 4261133531,Ident#: 4261133620",69496,15,5,"Part#: 4261133530,Part#: 4261133531,Part#: 4261106361,Part#: 4261106360,Part#: 4261133620",$168.10$239.02,16,8,2006-2011 Toyota Camry 16″ OEM Wheel Rim,No Variations,2007-2011 Toyota Camry,6.5
1132-69533,150,Refurbished,"20×8  5 lug wheel.  WHEEL ONLY! Does not include center cap, lugs, or TPMS sensor.",Machined,"Ident#: 426110C090 PLATINUM,Ident#: 426110C120 LIMITED,Ident#: 42611OC230,Ident#: 426110C250,Ident#: 426110C240,Ident#: 4261100C230,Ident#: 4261100C250,Ident#: 426110C090,Ident#: 426110C120,Ident#: 426110C231,Ident#: 426110C251",69533,4,5,"Part#: 426110C230,Part#: 426110C250,Part#: 426110C260,Part#: 426110C090,Part#: 426110C240,Part#: 426110C120",$327.57,20,10,Toyota Sequoia 2008-2022 20″ OEM Machined Wheel Rim,Machined w/ Charcoal Pockets,"2008-2022 Toyota Sequoia,2007-2021 Toyota Tundra",8
9045-71476,120,Refurbished,"18×8  5 lug wheel.  WHEEL ONLY! Does not include center cap, lugs, or TPMS sensor.",Painted,"Ident#: 36116787578,Ident#: 36116867131,Ident#: 6787578,Ident#: 6867131",71476,22,5,"Part#: 36116787578,Part#: 36116867131",$187.23$187.79,18,10,BMW X3 2010-2018 18″ OEM Wheel All Silver,All Silver,"2010-2018 BMW X3,2013-2018 BMW X4",8
1961-71719,115,Refurbished,"17×6.5  5 lug wheel.  WHEEL ONLY! Does not include center cap, lugs, or TPMS sensor.",Machined,"Ident#: SOKZ3,Ident#: S0K7658,Ident#: 42700S0KJ20",71719,5,5,"Part#: 42700S0KJ20,Part#: SOK7658",$237.52$195.76,17,5,Acura TL 2002-2003 17″ OEM Wheel Machined,No Variations,"2002-2003 Acura TL,2006-2007 Honda Accord",6.5
2718-75153,5.5,Refurbished,"17×7  6 lug wheel.  WHEEL ONLY! Does not include center cap, lugs, or TPMS sensor.",Painted,"Ident#: 4261135520,Ident#: 4261135530",75153,19,6,"Part#: 4261135530,Part#: 4261135520,Part#: 4261135531",$146.06$191.28$323.65$295.92,17,6,2014-2024 Toyota 4Runner 17″ OEM Wheel Rim,No Variations,2014-2024 Toyota 4Runner,7
20439-75162,4.5,Refurbished,"18×7.5  5 lug wheel.  WHEEL ONLY! Does not include center cap, lugs, or TPMS sensor.",Machined,"Ident#: 426110E260,Ident#: MEX  D,Ident#: MEX  K,Ident#: 426110E440",75162,15,5,"Part#: 426110E440,Part#: 426110E260",$206.93$175.07$281.84$211.71,18,10,Toyota Highlander 2014-2019 18″ OEM Wheel Machined,Machined w/ Dark Charcoal Pockets,2014-2019 Toyota Highlander,7.5
9490-9009,4.5,Refurbished,"15×7  5 lug wheel.  WHEEL ONLY! Does not include center cap, lugs, or TPMS sensor.",Machined,"Ident#: 52090000,Ident#: 52058015",9009,5,5,"Part#: 52090000,Part#: 52058015",$241.96$235.58$243.03$195.75,15,10,Jeep Cherokee 1992-1996 15″ OEM Wheel Machined,No Variations,"1992-1996 Jeep Cherokee,1992-1992 Jeep Comanche",7
21362-97755,120,Refurbished,"19×8  5 lug wheel.  WHEEL ONLY! Does not include center cap, lugs, or TPMS sensor.",Painted,"Ident#: 105933700A,Ident#: 10593373285",97755,5,5,Part#: 105933700A,$238.53$262.82$202.73$187.99,19,10,Tesla Model S 2016 19″ OEM Wheel All Silver,All Silver,"2016-2016 Tesla Model S,2016-2020 Tesla S",8
2110-59344,120,Refurbished,"17×7.5  5 lug wheel.  WHEEL ONLY! Does not include center cap, lugs, or TPMS sensor.",Painted,Ident#: 36112229180,59344,4,5,"Part#: 2229180,Part#: 36112229180",$204.09$179.93$267.68$184.45,17,10,BMW 330Ci 2000-2007 17″ OEM Wheel,No Variations,"2000-2005 BMW 320i,2000-2006 BMW 330i,2000-2007 BMW 325Ci,2000-2006 BMW 325i,1998-2001 BMW 323i,1999-2001 BMW 323Ci,2000-2005 BMW 325xi,1999-2000 BMW 328Ci,1998-2000 BMW 328i,2000-2007 BMW 330Ci,2000-2005 BMW 330xi",7.5
26044-5924,5.5,New,"20×9  6 lug wheel.  Wheel only, does not include center cap, lugs, or TPMS sensor.",Polished,"Ident#: 84570310,Ident#: 23377019,Ident#: AWACUK",5924,105,6,Part#: 84570310,$231.83$193.96$175.07$290.03,20,12,2019-2024 GMC Sierra 1500 20″ Replica Wheel Rim,Replica Polished,2019-2024 GMC Sierra 1500,9
16067-1157,4.25,Refurbished,"15×6.5  5 lug wheel.  WHEEL ONLY! Does not include center cap, lugs, or TPMS sensor.",Machined,"Ident#: 9596505,Ident#: E0AC1007AA,Ident#: E0AC1007AB,Ident#: E0AC1007BA,Ident#: E0LC1007BWA,Ident#: E8AC1007DA",1157,7,5,"Part#: EOLY1007C,Part#: EOLY1007E,Part#: E8AZ1007D,Part#: EOLY1007D,Part#: E0AC1007BA,Part#: E0LC1007BWA,Part#: E0LY1007C,Part#: E0LY1007D,Part#: E0LY1007E,Part#: E8AC1007DA",$198.75$147.02$219.57$177.98,15,35,Ford Crown Victoria 1980-1991 15″ OEM Wheel Machined,No Variations,"1980-1991 Ford Crown Victoria,1980-1991 Lincoln Mark Series,1980-1991 Lincoln Town Car,1980-1991 Lincoln Marquis,1980-1982 Ford LTD",6.5
1095-2359,115,Refurbished,"18×7.5  5 lug wheel.  WHEEL ONLY! Does not include center cap, lugs, or TPMS sensor.",Painted,"Ident#: 1GP23TRMAA,Ident#: 1GP23TRMAC",2359,11,5,"Part#: 1SZ64PAKAA,Part#: 1GP23GSAAC,Part#: 1GP23GSAAB",$185.91$281.84$175.07$290.03,18,5,Dodge Challenger 2008-2014 18″ OEM All Silver Wheel Rim,All Silver,"2008-2014 Dodge Challenger,2006-2010 Dodge Charger",7.5
13008-3140,6.5,Refurbished,"16×7  8 lug wheel.  WHEEL ONLY! Does not include center cap, lugs, or TPMS sensor.",Polished,"Ident#: F5TA1007JA7700,Ident#: F5TAJA7700,Ident#: F5TA1007JA,Ident#: 7C241007AB,Ident#: 7C241007AA",3140,1,8,"Part#: 7C2Z1007A,Part#: F5TA1007JA7700,Part#: F2TZ1015C,Part#: 4C2Z1015AB,Part#: F5TZ1007A",$323.54$254.16$424.93$196.35,16,8,Ford F-350 1994-1997 16″ OEM Wheel Polished,Polished,"1994-1997 Ford F-350,1999-2004 Ford E-350 Super Duty,1995-2008 Ford E-150 Econoline,1995-2008 Ford E-350 Econoline,1995-2002 Ford E-350 Econoline Club Wagon,1995-2008 Ford E-250 Econoline,1995-1997 Ford F-250,2000-2003 Ford Van 450 Series,2007-2014 Ford E-150,1995-2014 Ford E-250,2003-2004 Ford E-150 Club Wagon,1995-2002 Ford E-150 Econoline Club Wagon,2003-2004 Ford E-350 Club Wagon,1995-1996 Ford F-150,1997-1997 Ford F-250 HD",7
686-3338,170,Refurbished,"16×7  8 lug wheel.  WHEEL ONLY! Does not include center cap, lugs, or TPMS sensor.",Polished,"Ident#: F81A1007LA 44.45MM HOLES,Ident#: F81A1007LB 47.62MM HOLES,Ident#: F81ALA 44.45MM HOLES,Ident#: F81ALB 47.62MM HOLES,Ident#: 1C341015AA,Ident#: 1C34AA,Ident#: 2C341007AB,Ident#: F81A1007FA,Ident#: F81AFA,Ident#: 2C34AB",3338,21,8,"Part#: F81Z1007LA,Part#: F81Z1007LB,Part#: F81A1007FA,Part#: 2C3Z1007AA,Part#: 1C341007AA,Part#: 1C3Z1007AA",$247.62$177.91$267.88$273.83,16,8,Ford F-250 1999-2004 16″ OEM Wheel Polished,Polished,"2000-2005 Ford Excursion,1999-2004 Ford F-250,1999-2004 Ford F-350",7
9917-3364,4.5,Refurbished,"16×7  5 lug wheel.  WHEEL ONLY! Does not include center cap, lugs, or TPMS sensor.",Machined,"Ident#: 1L2W1N013BA,Ident#: 1L2WBA,Ident#: YW131007AA,Ident#: YW13AA,Ident#: F8VC1007AA,Ident#: F8VCAA,Ident#: F8VC1007AB,Ident#: F8VCAB",3364,3,5,"Part#: 1W131007BA,Part#: YW1Z1007AA,Part#: 1W1Z1007BA,Part#: F8VZ1007AA",$182.90$174.54$197.68$183.42,16,24,Lincoln Town Car 1998-2002 16″ OEM Wheel Machined,Machined w/ Silver Pockets,"1998-2002 Lincoln Town Car,1998-2002 Lincoln Lincoln",7
1089-3618,200,Refurbished,"17×6.5  8 lug wheel.  WHEEL ONLY! Does not include center cap, lugs, or TPMS sensor.",Polished,"Ident#: 5C341007BB,Ident#: 6C341007BA,Ident#: 5C341A096SA,Ident#: 5C341A096TA,Ident#: 9C341007BA,Ident#: HC3C1007BAA,Ident#: JC3C1007BC",3618,8,8,"Part#: 5C3Z1007BB,Part#: 5C3Z1007A,Part#: HC3Z1007C,Part#: 6C3Z1007B",$392.99$210.51$231.04$410.70,17,5,2005-2016 Ford F-350 Super Duty 17″ OEM Wheel Rim Polished,Polished,"2004-2016 Ford F-350 Super Duty,2005-2020 Ford F-350,2005-2016 Ford F-250 Super Duty",6.5
6349-3805,4.5,Refurbished,"17×7.5  5 lug wheel.  WHEEL ONLY! Does not include center cap, lugs, or TPMS sensor.",Machined,"Ident#: 9H6C1007AB,Ident#: 9H6C1A096AA,Ident#: 9H6C1A096AB",3805,5,5,Part#: 9H6Z1007A,$186.68$233.11$295.92$258.30,17,9,Lincoln MKZ 2010-2012 17″ OEM Wheel Machined,No Variations,2010-2012 Lincoln MKZ,7.5
12888-4025,115,Refurbished,"17×7  5 lug wheel.  WHEEL ONLY! Does not include center cap, lugs, or TPMS sensor.",Hyper,"Ident#: HBX,Ident#: 9595944,Ident#: DRT",4025,5,5,"Part#: 9595945,Part#: 19177650,Part#: 88967201,Part#: 9597829,Part#: 9597251",$308.13$220.09$134.83$164.96,17,9,Buick Lucerne 2006-2010 17″ OEM Hyper Wheel Rim,Light Hyper,2006-2010 Buick Lucerne,7
2146-4525,115,Refurbished,"16×7  5 lug wheel.  WHEEL ONLY! Does not include center cap, lugs, or TPMS sensor.",Machined,"Ident#: RJA,Ident#: RPZ,Ident#: 9593824,Ident#: 9592385,Ident#: 9593086,Ident#: 12365431",4525,4,5,"Part#: 09593086,Part#: 09592385,Part#: 12365431,Part#: 3636692,Part#: 9593086",$207.12$294.37$293.01$410.70,16,14,Cadillac DeVille 1996-1999 16″ OEM Wheel Machined,No Variations,1996-1999 Cadillac DeVille,7
12996-73782,4.5,Refurbished,"18×7.5  5 lug wheel.  WHEEL ONLY! Does not include center cap, lugs, or TPMS sensor.",Machined,"Ident#: 403009NB2A,Ident#: 9NB2A,Ident#: 9NROA,Ident#: 9NR0A,Ident#: 4030099NR0A,Ident#: 4030099NROA",73782,35,5,Part#: 403009NB2A,$178.07$175.07$290.03$306.22,18,15,2015-2021 Infiniti QX60 18″ OEM Wheel Rim,No Variations,"2015-2021 Infiniti QX60,2015-2020 Infiniti JX35",7.5
458-74147,4.5,Refurbished,"17×8  5 lug wheel.  WHEEL ONLY! Does not include center cap, lugs, or TPMS sensor.",Painted,"Ident#: 426113A110,Ident#: 426113A111,Ident#: 426113A070,Ident#: 426113A071",74147,4,5,"Part#: 426113A111,Part#: 426113A072,Part#: 426113A070,Part#: 426113A071,Part#: 426113A110",$211.18,17,5,Lexus GS400 1998-2000 17″ OEM Wheel All Silver,All Silver,"1998-2000 Lexus GS400,2001-2002 Lexus GS430",8
131-74152,4.5,Refurbished,"16×6.5  5 lug wheel.  WHEEL ONLY! Does not include center cap, lugs, or TPMS sensor.",Painted,"Ident#: SD0085535,Ident#: 4261148020,Ident#: 4261148070",74152,13,5,"Part#: 4261148020,Part#: 4261148070,Part#: SD0085535",$195.75,16,5,Lexus RX300 1999-2003 16″ OEM Wheel All Silver,All Silver,1999-2003 Lexus RX300,6.5
2942-74178,4.5,Refurbished,"17×7.5  5 lug wheel.  WHEEL ONLY! Does not include center cap, lugs, or TPMS sensor.",Hyper,"Ident#: 4261150380,Ident#: 4261150390,Ident#: 4261150370,Ident#: 4261A50100",74178,4,5,"Part#: 4261A50100,Part#: 4261150370,Part#: 4261150380,Part#: 4261150390",$350.45$179.66$221.75$187.21,17,6,Lexus LS430 2004-2006 17″ OEM Wheel Hyper Silver,Hyper Silver,2004-2006 Lexus LS430,7.5
3802-74180,4.5,Refurbished,"18×7  5 lug wheel.  WHEEL ONLY! Does not include center cap, lugs, or TPMS sensor.",Hyper,"Ident#: 4261148310  2006,Ident#: 4261148311  2007,Ident#: 4261148451,Ident#: 4261A48010 FROM 2008,Ident#: 4261A48020 FROM 2008 CANADA,Ident#: 4261148310,Ident#: 4261148311,Ident#: 4261A48010,Ident#: 4261A48020",74180,10,5,"Part#: 4261148451,Part#: 4261A48010,Part#: 4261A48020,Part#: 4261148310,Part#: 4261148311",$241.37$224.09$289.59$175.03,18,5,2004-2009 Lexus RX400h 18″ OEM Wheel Rim Hyper Silver,Hyper Silver,2006-2009 Lexus RX400h,7
1449-5299,5.5,Refurbished,"17×7.5  6 lug wheel.  WHEEL ONLY! Does not include center cap, lugs, or TPMS sensor.",Machined,"Ident#: PNP,Ident#: 9596344,Ident#: 9598385",5299,35,6,"Part#: 88967405,Part#: 17800947,Part#: 9598385,Part#: 9596050",$184.15$198.75$147.02$219.57,17,5,Chevrolet Suburban 1500 2001-2014 17″ OEM Machined Wheel Rim,No Variations,"2007-2013 Chevrolet Avalanche,1999-2013 Chevrolet Silverado 1500,2014-2014 GMC Savana 1500,2003-2014 Chevrolet Express 1500,2001-2014 Chevrolet Suburban 1500,2001-2014 Chevrolet Tahoe,2003-2013 Chevrolet Avalanche 1500",7.5
1451-5447,4.75,Refurbished,"20×8  5 lug wheel.  WHEEL ONLY! Does not include center cap, lugs, or TPMS sensor.",Hyper,Ident#: 92230889,5447,14,5,"Part#: 92230890,Part#: 92230891,Part#: 19303158",$302.40$185.91$200.22$204.13,20,5,Chevrolet Camaro 2003-2012 20″ Front OEM Wheel,Hyper Silver,2003-2012 Chevrolet Camaro,8
4293-5500,180,Refurbished,"17×7.5  8 lug wheel.  WHEEL ONLY! Does not include center cap, lugs, or TPMS sensor.",Machined,"Ident#: 9597726,Ident#: 9597727,Ident#: AWJFK,Ident#: AWJKF",5500,14,8,"Part#: 9597727,Part#: 09597727,Part#: 22738994",$219.35$323.54$254.16$424.93,17,5,Chevrolet Silverado 2500 HD 2011-2019 17″ OEM Wheel Machined,No Variations,"2011-2016 GMC Sierra 3500 HD,2011-2019 Chevrolet Silverado 3500,2011-2019 Chevrolet Silverado 2500,2011-2019 GMC Sierra 2500,2016-2017 Chevrolet Suburban 2500,2016-2017 Chevrolet Suburban 3500,2011-2016 Chevrolet Silverado 3500 HD,2016-2019 Chevrolet Suburban 3500 HD,2011-2019 GMC Sierra 2500 HD,2011-2019 Chevrolet Silverado 2500 HD,2011-2019 GMC Sierra 3500",7.5
12358-5652,5.5,Refurbished,"20×9  6 lug wheel.  WHEEL ONLY! Does not include center cap, lugs, or TPMS sensor.",Polished,"Ident#: AAJL,Ident#: 20937969,Ident#: 23311825,Ident#: 23431106,Ident#: 23431107,Ident#: 84128217,Ident#: 20937764,Ident#: AWAAJL,Ident#: AWABNY,Ident#: AWAA,Ident#: AWAB,Ident#: AWAB98",5652,9,6,"Part#: 23430212,Part#: AAJL,Part#: 23311825,Part#: 20937764,Part#: 23431106,Part#: 23431107,Part#: 84128217",$271.05$321.56,20,5,Chevrolet Tahoe 2015-2020 20″ OEM Wheel Polished,Polished,"2014-2019 Chevrolet Silverado 1500,2015-2020 Chevrolet Tahoe,2015-2020 GMC Yukon,2015-2020 Chevrolet Suburban,2015-2019 GMC Sierra 1500,2015-2020 Cadillac Escalade,2015-2020 Cadillac Escalade ESV,2015-2020 GMC Yukon XL,2019-2019 GMC Sierra 1500 Limited,2019-2019 Chevrolet Silverado 1500 LD,2016-2019 Chevrolet Suburban 3500 HD,2015-2020 Chevrolet Suburban 1500",9
3781-5673,120,Refurbished,"18×8.5  6 lug wheel.  WHEEL ONLY! Does not include center cap, lugs, or TPMS sensor.",Machined,"Ident#: 22901345,Ident#: 94775682,Ident#: AWABMH,Ident#: 23245759",5673,11,6,"Part#: 94775682,Part#: 22901345,Part#: 23268070,Part#: 23245759",$211.54$182.90$174.54$197.68,18,5,Chevrolet Colorado 2015-2022 18″ OEM Machined Wheel Rim,Machined w/ Charcoal Pockets,2015-2022 Chevrolet Colorado,8.5
9575-58787,112,Refurbished,"18×8  5 lug wheel.  WHEEL ONLY! Does not include center cap, lugs, or TPMS sensor.",Painted,"Ident#: 8E0601025AK,Ident#: 8E0601025AD",58787,4,5,"Part#: 8E0601025AK,Part#: 8E0601025AK1H7",$243.00$392.99$210.51$231.04,18,5,Audi A4 2006-2011 18″ OEM Wheel Light Hyper,Light Hyper,"2005-2010 Audi A6,2005-2010 Audi S4,2006-2011 Audi A4",8
2771-58947,112,Refurbished,"17×7.5  5 lug wheel.  WHEEL ONLY! Does not include center cap, lugs, or TPMS sensor.",Painted,Ident#: 8V0601025S,58947,13,5,"Part#: 8V0601025S,Part#: 8V50714978Z8",$183.10$186.68$233.11$295.92,17,5,2015-2020 Audi A3 17″ OEM Wheel Rim,No Variations,2015-2016 Audi A3,7.5
18879-59255,120,Refurbished,"17×8  5 lug wheel.  WHEEL ONLY! Does not include center cap, lugs, or TPMS sensor.",Machined,Ident#: 1093531,59255,6,5,Part#: 36111093531,$319.13$308.13$220.09$134.83,17,34,BMW 528i 1996-2001 17″ OEM Wheel Machined,Machined Lip w/ Silver Spokes,"1996-2004 BMW 540i,2000-2003 BMW 530i,2000-2004 BMW 525i,1996-2001 BMW 528i",8
4703-59270,120,Refurbished,"16×7  5 lug wheel.  WHEEL ONLY! Does not include center cap, lugs, or TPMS sensor.",Painted,Ident#: 36111095058,59270,6,5,"Part#: 85329408690,Part#: 1095058,Part#: 36111095058",$222.00$207.12$294.37$293.01,16,20,BMW Z3 1996-2002 16″ OEM Wheel,No Variations,"1995-2000 BMW 318ti,1997-2001 BMW 323i,1996-2000 BMW 328i,1996-2002 BMW Z3,2000-2005 BMW 320i,2000-2006 BMW 325i,2000-2007 BMW 325Ci,2006-2006 BMW 330i,1995-1999 BMW 318i,1999-2001 BMW 323Ci,1999-2000 BMW 328Ci,2000-2005 BMW 325xi",7
21081-62719,4.5,New,"17×7.5  5 lug wheel.  WHEEL ONLY! Does not include center cap, lugs, or TPMS sensor.",Machined,"Ident#: 403009HP1A,Ident#: 9HP1G,Ident#: 9HP1A,Ident#: 403009HP1G",62719,12,5,"Part#: 403009HP1A,Part#: 403009HP1G",$184.30$350.43$310.93$210.55,17,10,Nissan Altima 2016-2018 17″ Replica Machined Wheel Rim,Replica Machined w/ Charcoal Pockets,2016-2018 Nissan Altima,7.5
21181-64108,4.5,Refurbished,"18×8  5 lug wheel.  WHEEL ONLY! Does not include center cap, lugs, or TPMS sensor.",Machined,"Ident#: 42700TGGA71,Ident#: 42700TBFA91,Ident#: 42700TGGA72,Ident#: 42800TBAAC2,Ident#: TBF18080A",64108,16,5,"Part#: 42700TGGA72,Part#: 42800TBAAC2,Part#: 42700TGGA71,Part#: 42700TBFA91,Part#: 42700TBAAD1",$277.74$226.76$274.70$185.84,18,10,Honda CIVIC 2017-2021 18″ OEM Machined Wheel Rim,Machined w/ Black Pockets Tinted Clear,2017-2021 Honda Civic,8
19626-64125,4.5,Refurbished,"17×7.5  5 lug wheel.  WHEEL ONLY! Does not include center cap, lugs, or TPMS sensor.",Painted,Ident#: 17075A,64125,14,5,"Part#: 42700TVAAB2,Part#: 42700TVAA73,Part#: 42700TVAA74",$182.60$551.62$175.52$257.10,17,10,2018-2020 Honda ACCORD 17″ OEM Wheel Rim All Silver,All Silver,2018-2021 Honda Accord,7.5
14733-10062,4.5,Refurbished,"20×8.5  5 lug wheel.  WHEEL ONLY! Does not include center cap, lugs, or TPMS sensor.",Machined,"Ident#: FB531007DB,Ident#: FB531007DC,Ident#: FB53DC",10062,14,5,Part#: FB5Z1007E,$291.40$177.32$222.00$207.12,20,15,Ford Explorer 2016-2019 20″ OEM Wheel Machined,No Variations,2016-2019 Ford Explorer,8.5
19547-10142,135,Refurbished,"18×8.5  6 lug wheel.  WHEEL ONLY! Does not include center cap, lugs, or TPMS sensor.",Machined,"Ident#: JL141007CA,Ident#: JL14CA",10142,5,6,Part#: JL1Z1007D,$193.45$233.35$243.00$392.99,18,12,Ford Expedition 2018-2021 18″ OEM Machined Wheel Rim,No Variations,2018-2021 Ford Expedition,8.5
21262-10172,135,Refurbished,"20×8.5  6 lug wheel.  WHEEL ONLY! Does not include center cap, lugs, or TPMS sensor.",Hyper,"Ident#: JL141007FA,Ident#: JL341007CB,Ident#: JL14FA,Ident#: JL141007MA",10172,20,6,"Part#: JL141007FA,Part#: JL3Z1007C,Part#: JL1Z1007K,Part#: JL341007CB,Part#: JL1Z1007E",$237.23$238.53$262.82$202.73,20,6,Ford Expedition 2020 20″ OEM Wheel Hyper Silver,Hyper Silver,"2018-2020 Ford F-150,2020-2020 Ford Expedition",8.5
2394-5196,5.5,Refurbished,"17×7.5  6 lug wheel.  WHEEL ONLY! Does not include center cap, lugs, or TPMS sensor.",Machined,"Ident#: 9594488,Ident#: 9594489,Ident#: AWUJN",5196,38,6,"Part#: 9594489,Part#: 89038689,Part#: 9594488,Part#: 09594500,Part#: 19301347,Part#: 09594489",$238.08$204.09$179.93$267.68,17,5,Chevrolet Tahoe 2004-2006 17″ OEM Wheel Machined,No Variations,"2004-2006 Chevrolet Suburban 1500,2004-2006 Chevrolet Tahoe,2004-2007 Chevrolet Silverado 1500",7.5
1615-64918,4.5,Refurbished,"17×7  5 lug wheel.  WHEEL ONLY! Does not include center cap, lugs, or TPMS sensor.",Painted,"Ident#: 9965317070,Ident#: G22C37190A",64918,12,5,Part#: 9965317070,$199.64$330.00$231.80$147.02,17,15,Mazda 6 2009-2013 17″ OEM Wheel Rim,No Variations,2009-2013 Mazda 6,7
1404-64929,4.5,Refurbished,"17×7  5 lug wheel.  WHEEL ONLY! Does not include center cap, lugs, or TPMS sensor.",Painted,"Ident#: 9965337070 LIO FUNG,Ident#: 9965467070 HITACHI,Ident#: 9965337070",64929,26,5,"Part#: 9965337070,Part#: 9965467070",$150.90$179.52$350.45$179.66,17,10,Mazda 3 2010-2012 17″ OEM All Silver Wheel Rim,All Silver,2010-2012 Mazda 3,7
2943-64944,4.5,Refurbished,"18×7.5  5 lug wheel.  WHEEL ONLY! Does not include center cap, lugs, or TPMS sensor.",Painted,"Ident#: 9965237580,Ident#: 9965177580,Ident#: KA036,Ident#: 9965257580,Ident#: 9965287580",64944,11,5,"Part#: 9965287580,Part#: 9965237580,Part#: 9965257580",$176.14$220.15$170.10$147.02,18,10,Mazda CX-9 2011-2015 18″ OEM Wheel,No Variations,2011-2015 Mazda CX-9,7.5
1556-68721,100,Refurbished,"16×6.5  5 lug wheel.  WHEEL ONLY! Does not include center cap, lugs, or TPMS sensor.",Painted,Ident#: 28111AE170,68721,3,5,Part#: 28111AE170,$261.72$185.91$281.84$175.07,16,10,Subaru Impreza 2002-2005 16″ OEM Wheel,All Silver,2002-2005 Subaru Impreza,6.5
14571-68826,4.5,Refurbished,"18×7  5 lug wheel.  WHEEL ONLY! Does not include center cap, lugs, or TPMS sensor.",Machined,"Ident#: 28111AL03A,Ident#: C59",68826,41,5,"Part#: 28111AL03A,Part#: 28111AL12A",$258.62$271.05$334.39$173.20,18,10,Subaru Outback 2015-2019 18″ OEM Wheel Machined,Machined w/ Charcoal Pockets,"2015-2017 Subaru Legacy,2015-2019 Subaru Outback",7
4712-69383,4.5,Refurbished,"16×6  5 lug wheel.  WHEEL ONLY! Does not include center cap, lugs, or TPMS sensor.",Machined,Ident#: 42611AC050,69383,22,5,Part#: 42611AC050,$166.25$155.84$247.09$163.86,16,7,Toyota Avalon 2000-2004 16″ OEM Wheel Machined,No Variations,2000-2004 Toyota Avalon,6
20062-69463,5.5,Refurbished,"17×7.5  6 lug wheel.  WHEEL ONLY! Does not include center cap, lugs, or TPMS sensor.",Machined,"Ident#: 42611AD040,Ident#: 42611AD041",69463,31,6,"Part#: 42611AD041,Part#: 42611AD040",$184.71$258.15$146.06$191.28,17,5,Toyota Tacoma 2005-2015 17″ OEM Wheel Machined,Machined w/ Silver Pockets,2005-2015 Toyota Tacoma,7.5
3804-69475,4.5,Refurbished,"16×6.5  5 lug wheel.  WHEEL ONLY! Does not include center cap, lugs, or TPMS sensor.",Machined,"Ident#: 42611AA070 NORTH AMERICAN BUILT,Ident#: 426112A080 JAPANESE BUILT,Ident#: CLA,Ident#: 42611AA070",69475,14,5,"Part#: 42611AA070,Part#: 426112A080",$191.23$297.72$206.93$175.07,16,7,2004-2006 Toyota Camry 16″ OEM Wheel Rim,No Variations,2005-2006 Toyota Camry,6.5
8335-69498,4.5,Refurbished,"17×7  5 lug wheel.  WHEEL ONLY! Does not include center cap, lugs, or TPMS sensor.",Hyper,"Ident#: 4261106630,Ident#: 535342",69498,1,5,Part#: 4261106630,$198.10$297.72$206.93$175.07,17,5,Toyota Solara 2007-2008 17″ OEM Wheel,Hyper Silver,2007-2008 Toyota Solara,7
20487-69581,4.5,Refurbished,"17×7  5 lug wheel.  WHEEL ONLY! Does not include center cap, lugs, or TPMS sensor.",Machined,"Ident#: 4261108130,Ident#: 110408",69581,10,5,"Part#: 4261108150,Part#: 4261108130",$187.79$185.91$281.84$175.07,17,14,Toyota Sienna 2011-2020 17″ OEM Machined Wheel Rim,Machined w/ Silver Pockets,2011-2020 Toyota Sienna,7
1174-69897,112,Refurbished,"16×6.5  5 lug wheel.  WHEEL ONLY! Does not include center cap, lugs, or TPMS sensor.",Painted,"Ident#: 1K0601025CH,Ident#: 1K0601025CM,Ident#: 1K0601025DB8Z8 VERIFY BY PIC,Ident#: 1K0601025CP8Z8 VERIFY BY PIC,Ident#: 1K0601025CH8Z8,Ident#: 1K0601025DB,Ident#: 5C0601025BM",69897,27,5,"Part#: 1K0601025DB8Z8,Part#: 1K0601025CP8Z8,Part#: 1K0601025CH8Z8",$185.63$185.91$281.84$175.07,16,10,Volkswagen Jetta 2010-2018 16″ OEM All Silver Wheel Rim,All Silver,2010-2018 Volkswagen Jetta,6.5
17572-70813,4.5,Refurbished,"18×7.5  5 lug wheel.  WHEEL ONLY! Does not include center cap, lugs, or TPMS sensor.",Hyper,"Ident#: 529052V250EB HOT AUS MKT,Ident#: 529052V250,Ident#: 529052V200EB HOT BCANADA MKT,Ident#: 529052V200,Ident#: 529102V200,Ident#: 529052V250UU9",70813,17,5,"Part#: 529102V250,Part#: 529102V250EB,Part#: 529052V750EB,Part#: 529052V250EB,Part#: 529052V250,Part#: 529052V250UU9,Part#: 529052V250P9R,Part#: 529052V250R9A,Part#: 529052V250SYY,Part#: 529052V200EB,Part#: 529052V200,Part#: 529102V200",$246.23,18,5,Hyundai Veloster 2012-2017 18″ OEM Hyper Wheel Rim,Hyper Silver,2012-2017 Hyundai Veloster,7.5
1780-71440,120,Refurbished,"19×9  5 lug wheel.  WHEEL ONLY! Does not include center cap, lugs, or TPMS sensor.",Painted,"Ident#: 36116788007,Ident#: 6788007",71440,7,5,Part#: 36116788007,$203.72$185.91$281.84$175.07,19,10,BMW X5 2011-2013 19″ OEM Wheel,All Silver,2011-2013 BMW X5,9
1608-71453,120,Refurbished,"17×8  5 lug wheel.  WHEEL ONLY! Does not include center cap, lugs, or TPMS sensor.",Painted,"Ident#: 36116791478,Ident#: 6791478",71453,12,5,Part#: 36116791478,$214.25$184.15$198.75$147.02,17,10,BMW 328i 2004-2014 17″ OEM Wheel,No Variations,"2007-2013 BMW 335i xDrive,2004-2014 BMW 328i,2005-2014 BMW 335i,2005-2012 BMW 323i,2004-2007 BMW 325i,2005-2007 BMW 325xi,2005-2007 BMW 328xi,2004-2007 BMW 330i,2005-2007 BMW 330xi,2014-2014 BMW 335is",8
17278-73700,4.5,Refurbished,"18×8  5 lug wheel.  WHEEL ONLY! Does not include center cap, lugs, or TPMS sensor.",Hyper,"Ident#: D03001BB2A,Ident#: D03001BB4A FACTORY,Ident#: D03001UR4A REPLACEMENT,Ident#: D0C0M1UR4A  REPLACEMENT,Ident#: 1BB2A",73700,13,5,"Part#: D0COM1UR4A,Part#: D03001BB2A,Part#: D03001BB4A,Part#: D03001UR4A,Part#: D0C0M1UR4A",$231.66$302.40$185.91$200.22,18,8,Infiniti QX50 2014-2017 18″ OEM Wheel Hyper Silver,Hyper Silver,"2008-2012 Infiniti EX35,2013-2017 Infiniti EX37,2014-2017 Infiniti QX50",8
1630-74209,4.5,Refurbished,"17×7.5  5 lug wheel.  WHEEL ONLY! Does not include center cap, lugs, or TPMS sensor.",Hyper,"Ident#: 4261A30010 US MKT,Ident#: 4261A30020 CANADA MKT,Ident#: 4261A30010,Ident#: 4261A30020",74209,6,5,"Part#: 4261A30010,Part#: 4261A30020",$247.09$163.86$233.21$145.63,17,7,Lexus GS350 2008-2011 17″ OEM Wheel,Hyper Silver,"2008-2011 Lexus GS460,2008-2011 Lexus GS350",7.5
19808-74775,4.5,Refurbished,"19×8.5  5 lug wheel.  WHEEL ONLY! Does not include center cap, lugs, or TPMS sensor.",Machined,Ident#: 52910J5260,74775,3,5,"Part#: 52910J5260,Part#: 52914J5280",$334.39$173.20$239.35$257.23,19,10,2018-2021 Kia Stinger 19″ OEM Wheel Rim,No Variations,"2018-2018 Kia Amanti,2018-2021 Kia Stinger",8.5
6054-4704,115,Refurbished,"18×8  5 lug wheel.  WHEEL ONLY! Does not include center cap, lugs, or TPMS sensor.",Machined,"Ident#: 22921893,Ident#: 22921894,Ident#: AWAAZ9",4704,,5,"Part#: 23229840,Part#: 22921894",$350.43$310.93$210.55$249.10,18,10,Cadillac ATS 2013-2018 18″ Front OEM Wheel Machined,No Variations,2013-2018 Cadillac ATS,8
14707-4713,120,Refurbished,"17×8.5  5 lug wheel.  WHEEL ONLY! Does not include center cap, lugs, or TPMS sensor.",Painted,"Ident#: 20995605,Ident#: 23274067,Ident#: 20984814,Ident#: 20984815",4713,9,5,"Part#: 20984815,Part#: 20995605,Part#: 23274067",$226.76$185.91$281.84$175.07,17,10,2014-2016 Cadillac CTS 17″ OEM Wheel Rim All Silver,All Silver,2014-2021 Cadillac CTS,8.5
12557-10077,108,Refurbished,"21×9  5 lug wheel.  WHEEL ONLY! Does not include center cap, lugs, or TPMS sensor.",Machined,"Ident#: FA1C1007F1B,Ident#: FA1CF1B",10077,1,5,Part#: FA1Z1007H,$551.62$175.52$257.10$168.10,21,14,Lincoln MKX 2016-2018 21″ OEM Wheel Machined,No Variations,2016-2018 Lincoln MKX,9
20438-10120,108,Refurbished,"18×8  5 lug wheel.  WHEEL ONLY! Does not include center cap, lugs, or TPMS sensor.",Painted,"Ident#: HS7Z1007A,Ident#: HS7C1007B1A,Ident#: HS7CB1A,Ident#: KS7C1007G1A,Ident#: KS7Z1007C,Ident#: KS7C1007B1A",10120,11,5,"Part#: HS7C1007B1A,Part#: HS7CB1A,Part#: KS7Z1007C,Part#: KS7Z1007E,Part#: KS7C1007G1A,Part#: HS7Z1007A,Part#: JS7Z1007A",$330.00$231.80$147.02$187.23,18,10,2019-2020 Ford Fusion 18″ OEM Wheel Rim Black,Black,2017-2020 Ford Fusion,8
16678-10127,108,Refurbished,"18×8  5 lug wheel.  WHEEL ONLY! Does not include center cap, lugs, or TPMS sensor.",Machined,"Ident#: HP5Z1007A,Ident#: HP5C1007A1A,Ident#: HP5CA1A",10127,17,5,"Part#: HP5Z1007A,Part#: HP5C1007A1A,Part#: HP5CA1A",$220.15$170.10$147.02$187.23,18,15,Lincoln MKZ 2017-2020 18″ OEM Machined Wheel Rim,No Variations,2017-2020 Lincoln MKZ,8
20013-5016,5,Refurbished,"15×7  5 lug wheel.  WHEEL ONLY! Does not include center cap, lugs, or TPMS sensor.",Machined,"Ident#: 9591783,Ident#: TBG,Ident#: 12351803",5016,25,5,"Part#: 9591783,Part#: 31022696",$179.52$350.45$179.66$221.75,15,10,Chevrolet C1500 1992-1999 15″ OEM Wheel Machined,Machined w/ Argent Pockets,"1992-1999 Chevrolet Suburban 1500,1995-1999 Chevrolet Tahoe,1994-1996 GMC GMC Van,1996-2002 GMC Savana 1500,1995-1999 GMC Yukon,1992-1999 Chevrolet 1500 Pickup,1992-1999 GMC GMC 1500 Pickup,1994-1995 Chevrolet Van 10 Series,1994-1995 Chevrolet Van 20 Series,1996-2002 Chevrolet Express 1500,1992-1999 Chevrolet C1500,1992-1999 Chevrolet C1500 Suburban,1994-1995 Chevrolet G10,1994-1995 Chevrolet G20",7
1516-5070,115,Refurbished,"16×6.5  5 lug wheel.  WHEEL ONLY! Does not include center cap, lugs, or TPMS sensor.",Painted,"Ident#: FJW,Ident#: 09595802,Ident#: 9595801,Ident#: 9595324,Ident#: 88967196",5070,13,5,"Part#: 09595802,Part#: 88967196,Part#: 9595802",$144.05$241.37$224.09$289.59,16,5,Chevrolet Impala 2006-2012 16″ OEM Wheel,No Variations,"2006-2007 Chevrolet Monte Carlo,2006-2012 Chevrolet Impala",6.5
1514-5433,120,Refurbished,"17×7  5 lug wheel.  WHEEL ONLY! Does not include center cap, lugs, or TPMS sensor.",Painted,"Ident#: 9597707,Ident#: AWABZ4,Ident#: AWHJM",5433,24,5,"Part#: 09597708,Part#: 9597708",$155.84$247.09$163.86$233.21,17,10,Chevrolet Equinox 2010-2017 17″ OEM Wheel,No Variations,2010-2017 Chevrolet Equinox,7
12358-5652,5.5,Refurbished,"20×9  6 lug wheel.  WHEEL ONLY! Does not include center cap, lugs, or TPMS sensor.",Polished,"Ident#: AAJL,Ident#: 20937969,Ident#: 23311825,Ident#: 23431106,Ident#: 23431107,Ident#: 84128217,Ident#: 20937764,Ident#: AWAAJL,Ident#: AWABNY,Ident#: AWAA,Ident#: AWAB,Ident#: AWAB98",5652,9,6,"Part#: 23430212,Part#: AAJL,Part#: 23311825,Part#: 20937764,Part#: 23431106,Part#: 23431107,Part#: 84128217",$271.05$334.39$173.20$239.35,20,5,2014-2018 Chevrolet Silverado 1500 20″ OEM Wheel Rim Polished,Polished,"2014-2019 Chevrolet Silverado 1500,2015-2020 Chevrolet Tahoe,2015-2020 GMC Yukon,2015-2020 Chevrolet Suburban,2015-2019 GMC Sierra 1500,2015-2020 Cadillac Escalade,2015-2020 Cadillac Escalade ESV,2015-2020 GMC Yukon XL,2019-2019 GMC Sierra 1500 Limited,2019-2019 Chevrolet Silverado 1500 LD,2016-2019 Chevrolet Suburban 3500 HD,2015-2020 Chevrolet Suburban 1500",9
12674-5718,115,Refurbished,"19×8.5  5 lug wheel.  WHEEL ONLY! Does not include center cap, lugs, or TPMS sensor.",Hyper,"Ident#: 22969725,Ident#: 23206114,Ident#: 28206114",5718,10,5,"Part#: 22969725,Part#: 23206114",$258.15$146.06$191.28$323.65,19,10,Chevrolet Malibu 2016-2018 19″ OEM Wheel,Hyper Silver,2016-2018 Chevrolet Malibu,8.5
14866-71832,4.5,Refurbished,"17×7  5 lug wheel.  WHEEL ONLY! Does not include center cap, lugs, or TPMS sensor.",Painted,"Ident#: TV917070A,Ident#: 42800TV9A71",71832,3,5,"Part#: 42800TV9A71,Part#: TV917070A,Part#: 42800TV9A70",$221.75$187.21,17,10,Acura ILX 2016-2018 17″ OEM Wheel,No Variations,2016-2018 Acura ILX,7
2400-9106,5,Refurbished,"18×8  5 lug wheel.  WHEEL ONLY! Does not include center cap, lugs, or TPMS sensor.",Polished,"Ident#: 1HX65AAAAB,Ident#: 1HX65TRMAB,Ident#: 1RV66TRMAA,Ident#: 1RV66GSAAA",9106,4,5,"Part#: 68084871AB,Part#: 1RV66GSAAB,Part#: 82212154,Part#: 1HX65AAAAB,Part#: 1HX65AAAAC",$233.21$145.63,18,5,Jeep Grand Cherokee 2011-2013 18″ OEM Wheel Polished,Polished,2011-2013 Jeep Grand Cherokee,8
19558-59345,120,Refurbished,"17×8.5  5 lug wheel.  WHEEL ONLY! Does not include center cap, lugs, or TPMS sensor.",Painted,Ident#: 36112229135,59345,5,5,"Part#: 36111095342,Part#: 36112229135",$239.35$257.23$157.40,17,10,BMW 330Ci 2000-2007 17″ Rear OEM Wheel Painted,All Silver,"2000-2005 BMW 320i,2000-2006 BMW 325i,2000-2007 BMW 325Ci,2000-2006 BMW 330i,1998-2001 BMW 323i,1999-2001 BMW 323Ci,2000-2005 BMW 325xi,1999-2000 BMW 328Ci,1998-2000 BMW 328i,2000-2007 BMW 330Ci,2000-2005 BMW 330xi",8.5
22803-2451,5.5,Refurbished,"20×8  5 lug wheel.  WHEEL ONLY! Does not include center cap, lugs, or TPMS sensor.",Painted,"Ident#: 1UB17GSAAA,Ident#: 1UB17TRMAB,Ident#: 1UB17DX8AB,Ident#: 1UB17TRMAA,Ident#: 1UC56SZ0AA,Ident#: 1UB17GSAAC,Ident#: 1UB17RXFAC",2451,6,5,"Part#: 1UB17TRMAB,Part#: 1UB17DX8AC,Part#: 1UB17GSAAC,Part#: 5Y514TRMAA,Part#: 5YJ14SZ0AA,Part#: 1UB17DX8AB",$323.65$175.07$290.03$306.22,20,5,Ram 1500 2013-2018 20″ OEM Matte Black Wheel Rim,Matte Black,"2013-2018 Ram 1500,2019-2023 Ram 1500 Classic",8
1480-69936,112,Refurbished,"17×7  5 lug wheel.  WHEEL ONLY! Does not include center cap, lugs, or TPMS sensor.",Painted,"Ident#: 5K0601025F,Ident#: SKO601025,Ident#: 5K0601025F8Z8",69936,9,5,"Part#: 5K0601025F,Part#: 5K0601025F8Z8,Part#: 5K0601025AN8Z8",$193.96$175.07$290.03$306.22,17,10,Volkswagen Jetta 2006-2014 17″ OEM Wheel,No Variations,"2010-2014 Volkswagen Golf,2006-2014 Volkswagen Jetta",7
22783-64984,4.5,Refurbished,"20×8.5  5 lug wheel.  Wheel only, does not include center cap, lugs, or TPMS sensor.",Hyper,"Ident#: 9965038500,Ident#: 9965048500,Ident#: 9965018500,Ident#: 9965168500,Ident#: 9965218500,Ident#: 9965198500",64984,2,5,"Part#: 9965138500,Part#: 9965198500,Part#: 9965218500,Part#: 9965038500,Part#: 9965048500,Part#: 9965018500",$281.84$175.07$290.03$306.22,20,10,2016-2023 Mazda CX-9 20″ OEM Wheel Rim,Hyper Silver,2016-2023 Mazda CX-9,8.5
25560-71027,4.5,Refurbished,"18×7.5  5 lug wheel.  Wheel only, does not include center cap, lugs, or TPMS sensor.",Machined,"Ident#: 52910L3310,Ident#: 52910L3320",71027,6,5,"Part#: 52910L3320,Part#: 52910L3310",$243.03$195.75$264.75,18,5,2021-2024 KIA K5 18″ OEM Wheel Rim,Machined w/ Black Pockets,2021-2024 KIA K5,7.5
26288-75200,4.5,New,"18×7.5  5 lug wheel.  Wheel only, does not include center cap, lugs, or TPMS sensor.",Hyper,"Ident#: 4261A42110,Ident#: 4261A42090,Ident#: 4261A0R020,Ident#: 4261A0R030,Ident#: 4261A42070,Ident#: AZH",75200,41,5,"Part#: 4261A42110,Part#: 4261A0R020,Part#: 4261A0R030,Part#: 4261A42070,Part#: 4261A42090",$202.73$187.99$233.06,18,10,2016-2018 Toyota RAV4 18″ Replica Wheel Rim,Replica Hyper Silver,2016-2018 Toyota RAV4,7.5
27598-95159,4.5,Refurbished,"18×8.5  5 lug wheel.  Wheel only, does not include center cap, lugs, or TPMS sensor.",Painted,Ident#: 104426100A,95159,23,5,Part#: 104426100A,$267.68$184.45$185.77,18,10,2021 Tesla 3 18″ OEM Wheel Rim,Charcoal,2021-2021 Tesla 3,8.5
23432-96958,4.5,Refurbished,"19×9.5  5 lug wheel.  Wheel only, does not include center cap, lugs, or TPMS sensor.",Painted,"Ident#: 348822200A,Ident#: 118822200B",96958,25,5,"Part#: 118822200B,Part#: 348822200A",$219.57$177.98$198.52,19,14,2020-2023 Tesla Y 19″ OEM Wheel Rim,All Silver,2020-2023 Tesla Y,9.5
14636-2448,5.5,Refurbished,"17×7  5 lug wheel.  WHEEL ONLY! Does not include center cap, lugs, or TPMS sensor.",Painted,"Ident#: 1UB12GSAAA,Ident#: U1B12TRMAA,Ident#: 1UB12GSAAB,Ident#: 1UB12TRMAB",2448,37,5,"Part#: 1UB12GSAAA,Part#: 1UB12GSAAB,Part#: 4755620AA",$204.13$147.27$169.22,17,5,Ram 1500 2013-2019 17″ OEM Wheel All Silver,All Silver,"2013-2019 Ram 1500,2019-2023 Ram 1500 Classic",7
14357-2453,5.5,Refurbished,"20×9  5 lug wheel.  WHEEL ONLY! Does not include center cap, lugs, or TPMS sensor.",Polished,"Ident#: 1UB18GSAAA,Ident#: 1UB18TRMAA,Ident#: 1UB18GSAAB,Ident#: 1UB18RXFAB,Ident#: 1UB118GSAAB,Ident#: 1UB18TRMAB",2453,7,5,"Part#: 1UB18GSAAB,Part#: 1UB18GSAAA,Part#: 82210071,Part#: 1UB18RXFAB",$291.33,20,5,Ram 1500 2013-2018 20″ OEM Wheel Polished,Polished w/ Silver Spokes,"2013-2018 Ram 1500,2019-2022 Ram 1500 Classic",9
1585-3408,170,Refurbished,"16×7  8 lug wheel.  WHEEL ONLY! Does not include center cap, lugs, or TPMS sensor.",Polished,"Ident#: 2C341007MB WHL,Ident#: F81A1007MA WHL,Ident#: 4C341007MA,Ident#: 2C341007MB,Ident#: F81A1007MA",3408,28,8,"Part#: 2C3Z1007MA,Part#: 4C3Z1007RA",$274.70$185.84$237.52$195.76,16,5,Ford Excursion 2000-2005 16″ OEM Wheel Polished,Polished,"2000-2005 Ford Excursion,2000-2004 Ford F-250,2000-2004 Ford F-350",7
4432-3656,4.5,Refurbished,"17×7.5  5 lug wheel.  WHEEL ONLY! Does not include center cap, lugs, or TPMS sensor.",Machined,"Ident#: 3W131A096CA,Ident#: 4W131A096CA,Ident#: 7H6C1007AA",3656,10,5,Part#: 7H6Z1007A,$175.52$257.10$168.10$239.02,17,8,Lincoln MKZ 2007-2009 17″ OEM Wheel Machined,No Variations,2007-2009 Lincoln MKZ,7.5
15082-2504,4.5,Refurbished,"18×7  5 lug wheel.  WHEEL ONLY! Does not include center cap, lugs, or TPMS sensor.",Painted,Ident#: 1LT91TRMAB,2504,21,5,"Part#: 5NL47DX8AA,Part#: 	1TL91DX8AA,Part#: 	1TL91DX8AB",$201.67$145.09$410.02$168.60,18,10,Dodge Avenger 2012-2014 18″ OEM Wheel Black,No Variations,"2012-2014 Dodge Avenger,2011-2015 Chrysler 200",7
2988-3400,135,Refurbished,"16×7  5 lug wheel.  WHEEL ONLY! Does not include center cap, lugs, or TPMS sensor.",Machined,"Ident#: YL341007AA,Ident#: YL341007AA7720,Ident#: YL34AA,Ident#: YL34AA7720",3400,15,5,"Part#: YL3Z1007AA,Part#: YL341007AA",$183.02$198.68$410.02$168.60,16,5,Ford F-150 2000-2004 16″ OEM Wheel Machined,No Variations,2000-2004 Ford F-150,7
3332-3859,4.5,Refurbished,"18×8  5 lug wheel.  WHEEL ONLY! Does not include center cap, lugs, or TPMS sensor.",Painted,"Ident#: 6L241A096AA,Ident#: BB531007CA,Ident#: BB531A096RA",3859,34,5,Part#: BB5Z1007A,$176.15$251.04$306.50$243.86,18,10,Ford Explorer 2011-2017 18″ OEM Wheel,No Variations,2011-2017 Ford Explorer,8
10312-3954,108,Refurbished,"19×8  5 lug wheel.  WHEEL ONLY! Does not include center cap, lugs, or TPMS sensor.",Polished,"Ident#: DP5C1007B1A,Ident#: DP5CB1A,Ident#: DP5C1007C1A",3954,2,5,"Part#: DP5Z1007B,Part#: DS7Z1K007C",$321.32$206.83$230.25$274.70,19,18,Lincoln MKZ 2013-2016 19″ OEM Wheel Polished,Polished,2013-2016 Lincoln MKZ,8
19216-3999,135,Refurbished,"18×7.5  6 lug wheel.  WHEEL ONLY! Does not include center cap, lugs, or TPMS sensor.",Machined,"Ident#: FL3Z1007NA,Ident#: FL341007NA,Ident#: FL3Z1007C,Ident#: FL341007CA,Ident#: FL341007PA,Ident#: FL341007CS",3999,6,6,"Part#: FL3Z1007L,Part#: FL3Z1007K,Part#: FL3Z1007C",$154.87$249.01$230.25$274.70,18,6,Ford F-150 2015-2020 18″ OEM Machined Wheel Rim,Machined w/ Charcoal Pockets Gloss Clear,2015-2020 Ford F-150,7.5
6055-4701,115,Refurbished,"17×8  5 lug wheel.  WHEEL ONLY! Does not include center cap, lugs, or TPMS sensor.",Painted,"Ident#: 22921890,Ident#: 9598561,Ident#: AWAAZ6",4701,7,5,"Part#: 22921890,Part#: 9598561",$201.68$477.30$358.55$180.59,17,7,Cadillac ATS 2013-2016 17″ OEM Wheel,No Variations,2013-2016 Cadillac ATS,8
13889-4762,120,Refurbished,"19×8.5  5 lug wheel.  WHEEL ONLY! Does not include center cap, lugs, or TPMS sensor.",Machined,"Ident#: 22941671,Ident#: 22941668,Ident#: 22941669",4762,12,5,"Part#: 22941671,Part#: 22941669",$363.46$187.56$204.67$183.99,19,14,Cadillac CT6 2016-2020 19″ OEM Machined Wheel Rim,No Variations,2016-2020 Cadillac CT6,8.5
1512-5071,115,Refurbished,"17×6.5  5 lug wheel.  WHEEL ONLY! Does not include center cap, lugs, or TPMS sensor.",Machined,"Ident#: PFH,Ident#: RS7,Ident#: 09595377,Ident#: 88967210",5071,25,5,"Part#: 09595378,Part#: 88967210,Part#: 9595377,Part#: 17800161,Part#: 9595378",$168.54$389.60$303.47$194.05,17,10,2006-2013 Chevrolet Impala 17″ OEM Wheel Rim,No Variations,"2006-2007 Chevrolet Monte Carlo,2006-2016 Chevrolet Impala,2014-2016 Chevrolet Impala Limited",6.5
4380-5193,5.5,Refurbished,"17×7.5  6 lug wheel.  WHEEL ONLY! Does not include center cap, lugs, or TPMS sensor.",Machined,"Ident#: 9594490,Ident#: P46,Ident#: AWUJR",5193,29,6,"Part#: 09594491,Part#: 89038690,Part#: 9594491,Part#: 9596434,Part#: 09596434,Part#: 9594490",$211.02$392.45$270.63$177.01,17,6,GMC Sierra 1500 2004-2007 17″ OEM Wheel Machined,No Variations,"2004-2006 GMC Yukon,2004-2007 GMC Sierra 1500,2004-2006 GMC Yukon XL 1500",7.5
29-5308,5.5,Refurbished,"20×8.5  6 lug wheel.  WHEEL ONLY! Does not include center cap, lugs, or TPMS sensor.",Polished,"Ident#: UXD,Ident#: 9597195,Ident#: JKB,Ident#: 9597680,Ident#: 9596954,Ident#: 9596007,Ident#: 9598764,Ident#: 9597685",5308,29,6,"Part#: 09597680,Part#: 09597681,Part#: 9597680,Part#: 17800924,Part#: 9597685,Part#: 9597195,Part#: 09596007,Part#: 19122259,Part#: 9598754",$294.37$223.07$172.54$180.59,20,5,Chevrolet Avalanche 2007-2013 20″ OEM Wheel Polished,Polished,"1999-2013 Chevrolet Silverado 1500,2007-2013 Chevrolet Avalanche,2001-2014 Chevrolet Suburban 1500,2001-2014 Chevrolet Tahoe,2003-2013 Chevrolet Avalanche 1500",8.5
2136-5406,132,Refurbished,"20×7.5  6 lug wheel.  WHEEL ONLY! Does not include center cap, lugs, or TPMS sensor.",Machined,"Ident#: HFR,Ident#: 9597517,Ident#: S10A",5406,20,6,"Part#: 09597518,Part#: 19180805,Part#: 9597518,Part#: 9597517",$186.36$171.21$172.54$180.59,20,6,Chevrolet Traverse 2009-2015 20″ OEM Wheel Machined,No Variations,2009-2015 Chevrolet Traverse,7.5
16429-59021,112,Refurbished,"18×8  5 lug wheel.  WHEEL ONLY! Does not include center cap, lugs, or TPMS sensor.",Machined,Ident#: 8V0601025DG,59021,6,5,Part#: 8V0601025DG,$353.71$183.78$173.63$180.59,18,10,Audi A3 2017-2020 18″ OEM Machined Wheel Rim,No Variations,2017-2020 Audi A3,8
1747-63937,4.5,Refurbished,"18×8  5 lug wheel.  WHEEL ONLY! Does not include center cap, lugs, or TPMS sensor.",Painted,"Ident#: TE1880A,Ident#: 42700TE1A91",63937,11,5,"Part#: 08W19TE0303,Part#: 42700TE1A91",$199.71$262.96$287.11$212.49,18,10,Honda ACCORD 2005-2011 18″ OEM Wheel Rim,No Variations,2005-2011 Honda ACCORD,8
20305-64016,4.5,Refurbished,"18×8  5 lug wheel.  WHEEL ONLY! Does not include center cap, lugs, or TPMS sensor.",Painted,"Ident#: 42700TE1A83,Ident#: TE118080C",64016,6,5,"Part#: 50300TA0A50,Part#: 42700TE1A83",$209.38$220.89$207.74$180.82,18,5,Honda ACCORD 2011-2012 18″ OEM Wheel Charcoal,Charcoal,2011-2012 Honda ACCORD,8
38-2187,6.5,Refurbished,"17×8  8 lug wheel.  WHEEL ONLY! Does not include center cap, lugs, or TPMS sensor.",Machined,"Ident#: 52013735AA,Ident#: 52013663AA,Ident#: 52121988AA,Ident#: 6J915TRMAB",2187,2,8,"Part#: 52013663AC,Part#: 52122367AB",$248.28$220.16$250.40$190.26,17,5,Dodge Ram 2500 2003-2008 17″ OEM Wheel Machined,Machined w/ Silver Pockets,"2006-2008 Dodge Ram 1500,2003-2008 Dodge Ram 2500,2003-2010 Ram 2500,2003-2008 Dodge Ram 3500,2003-2010 Ram 3500,2006-2008 Ram 1500",8
836-3886,4.5,Refurbished,"18×8  5 lug wheel.  WHEEL ONLY! Does not include center cap, lugs, or TPMS sensor.",Polished,"Ident#: CR3J1007CA,Ident#: CR3JCA,Ident#: DR3J1007CA,Ident#: DR3JCA,Ident#: ER3J1007AA,Ident#: ER3JAA",3886,1,5,"Part#: CR3Z1007A,Part#: 9R3Z1007D,Part#: DR3Z1007J,Part#: ER3Z1007A",$290.47$290.03$333.64$148.26,18,14,Ford Mustang 2011-2014 18″ OEM Polished Wheel Rim,Polished,2011-2014 Ford Mustang,8
1441-3957,108,Refurbished,"17×7.5  5 lug wheel.  WHEEL ONLY! Does not include center cap, lugs, or TPMS sensor.",Painted,"Ident#: DS7C1007L1A,Ident#: DS7CL1A,Ident#: DS7C1007L3A",3957,29,5,"Part#: DS7Z1007F,Part#: DS7Z1007N",$144.73$290.03$333.64$148.26,17,10,Ford Fusion 2013-2016 17″ OEM Wheel,No Variations,2013-2016 Ford Fusion,7.5
5227-3958,108,Refurbished,"17×7.5  5 lug wheel.  WHEEL ONLY! Does not include center cap, lugs, or TPMS sensor.",Painted,"Ident#: DS7C1007G1B,Ident#: DS7CG1B,Ident#: DS7C1007CIA",3958,7,5,Part#: DS7Z1007G,$189.91$290.03$333.64$148.26,17,15,Ford Fusion 2013-2016 17″ OEM Wheel,No Variations,2013-2016 Ford Fusion,7.5
20173-3998,135,Refurbished,"18×7.5  6 lug wheel.  WHEEL ONLY! Does not include center cap, lugs, or TPMS sensor.",Painted,Ident#: FL341007BA,3998,33,6,Part#: FL3Z1007B,$235.54,18,6,Ford F-150 2015-2019 18″ OEM Wheel Gloss Black,Gloss Black,2015-2019 Ford F-150,7.5
2814-4079,132,Refurbished,"19×7.5  6 lug wheel.  WHEEL ONLY! Does not include center cap, lugs, or TPMS sensor.",Machined,"Ident#: SCC,Ident#: 9595999,Ident#: AWSCC",4079,26,6,"Part#: 09596000,Part#: 19167189",$209.00$164.31$187.62$192.42,19,15,Buick Enclave 2008-2012 19″ OEM Wheel Machined,No Variations,2008-2012 Buick Enclave,7.5
12376-4729,120,Refurbished,"19×8.5  5 lug wheel.  WHEEL ONLY! Does not include center cap, lugs, or TPMS sensor.",Hyper,"Ident#: 22926094,Ident#: 22917412,Ident#: AWABLW,Ident#: AWAAZ5",4729,20,5,"Part#: 22917412,Part#: 22926094",$289.15,19,10,Cadillac XTS 2015-2017 19″ OEM Wheel Hyper Silver,Hyper Silver,2015-2017 Cadillac XTS,8.5
16658-10108,108,Refurbished,"17×7.5  5 lug wheel.  WHEEL ONLY! Does not include center cap, lugs, or TPMS sensor.",Painted,"Ident#: GJ5Z1007D,Ident#: GJ5C1007F3A,Ident#: GJ5CF3A,Ident#: GJ561007F34",10108,30,5,"Part#: GJ5C1007F3A,Part#: GJ5CF3A,Part#: GJ5Z1007D",$170.21$214.25$333.64$148.26,17,10,Ford Escape 2017-2019 17″ OEM Wheel,No Variations,2017-2019 Ford Escape,7.5
1553-5654,5.5,Refurbished,"17×8  6 lug wheel.  WHEEL ONLY! Does not include center cap, lugs, or TPMS sensor.",Machined,"Ident#: AAJB,Ident#: 20937961,Ident#: 20937773,Ident#: AWAAJB,Ident#: AWAAJV",5654,14,6,"Part#: 20937773,Part#: 20937961,Part#: AAJB",$198.29$214.25$333.64$148.26,17,6,GMC Sierra 1500 2014-2018 17″ OEM Wheel Machined,No Variations,"2014-2018 GMC Sierra 1500,2019-2019 GMC Sierra 1500 Limited",8
12523-64069,4.5,Refurbished,"17×7  5 lug wheel.  WHEEL ONLY! Does not include center cap, lugs, or TPMS sensor.",Painted,"Ident#: 42700T1WA84,Ident#: 42700T1WA85,Ident#: 42700TFAT82,Ident#: 42700T1WA72,Ident#: 42700T1WA73,Ident#: T1W17070A",64069,48,5,"Part#: 42700T1WA82,Part#: 4200T1WA84,Part#: 42700T1WA84,Part#: 42700T1WA85,Part#: 42700T1W82,Part#: 42700TFAT82,Part#: 42700T1WA71,Part#: 42700T1WA72,Part#: 42700T1WA73",$170.69,17,10,Honda CR-V 2015-2016 17″ OEM Wheel All Silver,All Silver,2015-2016 Honda CR-V,7
17763-70001,112,Refurbished,"18×8  5 lug wheel.  WHEEL ONLY! Does not include center cap, lugs, or TPMS sensor.",Painted,"Ident#: 561601025N8Z8,Ident#: 561601025N",70001,4,5,"Part#: 561601025N8Z8,Part#: 561601025N,Part#: 3G061149CXQI",$222.07,18,10,2016-2019 Volkswagen Passat 18″ OEM Wheel Rim All Silver,All Silver,2016-2020 Volkswagen Passat,8
8017-70375,108,Refurbished,"17×7.5  5 lug wheel.  WHEEL ONLY! Does not include center cap, lugs, or TPMS sensor.",Machined,"Ident#: 31202073,Ident#: 31280099,Ident#: 312800998,Ident#: 31280005",70375,5,5,"Part#: 312800998,Part#: 31280099,Part#: 31202073,Part#: 31280005",$206.83$230.25$274.70$205.29,17,10,2010-2013 Volvo C70 17″ OEM Wheel Rim,No Variations,"2011-2013 Volvo S70,2011-2013 Volvo C70",7.5
2709-71801,120,Refurbished,"17×8  5 lug wheel.  WHEEL ONLY! Does not include center cap, lugs, or TPMS sensor.",Machined,"Ident#: 42700TK4A22,Ident#: TK417080C",71801,17,5,Part#: 42700TK4A22,$184.89$164.31$187.62$192.42,17,7,Acura TL 2012-2014 17″ OEM Wheel Machined,No Variations,2012-2014 Acura TL,8
20390-75208,100,Refurbished,"17×7  5 lug wheel.  WHEEL ONLY! Does not include center cap, lugs, or TPMS sensor.",Machined,"Ident#: 4261102P80,Ident#: BFK,Ident#: BFL,Ident#: MB",75208,12,5,"Part#: 4261102P80,Part#: 4261102N10",$190.54$164.31$187.62$192.42,17,10,Toyota Corolla 2017-2019 17″ OEM Wheel Machined,Machined w/ Black Pockets,2017-2019 Toyota Corolla,7
2993-85241,112,Refurbished,"19×8  5 lug wheel.  WHEEL ONLY! Does not include center cap, lugs, or TPMS sensor.",Painted,"Ident#: 1664010702,Ident#: A1664010702,Ident#: 16640107029765,Ident#: 16640107027X10,Ident#: 16640127027X21,Ident#: 166401070265976,Ident#: 166401070288",85241,16,5,"Part#: 1664010702,Part#: 16640107029765,Part#: 16640107027X10,Part#: 166401070265976,Part#: 166401070288,Part#: A1664010702,Part#: 1664010702659765",$216.68$170.10$226.76$185.91,19,10,Mercedes-Benz ML350 2012-2015 19″ OEM Wheel,No Variations,"2012-2014 Mercedes-Benz ML Class,2012-2015 Mercedes-Benz ML350,2015-2015 Mercedes-Benz ML250,2018-2018 Mercedes-Benz GLE350,2018-2018 Mercedes-Benz GLE43 AMG,2018-2018 Mercedes-Benz GLE550E,2018-2018 Mercedes-Benz GLE63 AMG,2015-2015 Mercedes-Benz ML400,2012-2014 Mercedes-Benz ML550,2012-2015 Mercedes-Benz ML63 AMG",8
18966-85397,112,Refurbished,"18×8.5  5 lug wheel.  WHEEL ONLY! Does not include center cap, lugs, or TPMS sensor.",Machined,"Ident#: 2124015702,Ident#: A2124015702,Ident#: A21240157027X21",85397,11,5,"Part#: 2124015702,Part#: A21240157027X21,Part#: A2124015702",$274.54$164.31$410.66$235.52,18,10,Mercedes-Benz E350 2014-2016 18″ OEM Wheel Machined,Machined w/ Charcoal Pockets,2014-2016 Mercedes-Benz E350,8.5
18674-85058,112,New,"18×8  5 lug wheel.  WHEEL ONLY! Does not include center cap, lugs, or TPMS sensor.",Machined,"Ident#: 2044014102,Ident#: 20440141029700,Ident#: 20440141027X25,Ident#: A2044014102",85058,147,5,"Part#: 20440141027X25,Part#: A2044014102,Part#: 20440141029700",$290.03$182.05$235.52$333.64,18,10,Mercedes-Benz C250 2012-2015 18″ Front Replica Wheel Machined,Replica Machined w/ Silver Pockets,"2008-2015 Mercedes-Benz C350,2012-2015 Mercedes-Benz C250,2008-2015 Mercedes-Benz C Class,2008-2014 Mercedes-Benz C300,2008-2015 Mercedes-Benz C63 AMG",8
16778-86326,112,Refurbished,"18×8  5 lug wheel.  WHEEL ONLY! Does not include center cap, lugs, or TPMS sensor.",Machined,Ident#: 36116863420,86326,7,5,Part#: 36116863420,$297.40$290.47$290.03$333.64,18,20,2016-2023 BMW 530i xDrive 18″ OEM Wheel Rim,No Variations,"2016-2020 BMW 530e,2016-2020 BMW 540i,2016-2020 BMW 530i,2018-2020 BMW 550i,2016-2020 BMW 530e xDrive,2016-2021 BMW 530i xDrive,2016-2018 BMW 540d xDrive,2016-2021 BMW 540i xDrive,2016-2020 BMW M550i xDrive",8
9885-3507,108,Refurbished,"17×7  4 lug wheel.  WHEEL ONLY! Does not include center cap, lugs, or TPMS sensor.",Hyper,"Ident#: 3M5V1007AB WHL,Ident#: 9S431007AA WHL,Ident#: AS431007AA WHL,Ident#: 2M5VBA,Ident#: 3M5V1007AA,Ident#: 9S431007AA,Ident#: 9S431A096CA,Ident#: 9S431A096CB",3507,10,4,"Part#: AS4Z1007A,Part#: 3M5Z1007AB,Part#: 9S4Z1007A",$195.09$201.83$420.35$195.03,17,15,Ford Focus 2002-2011 17″ OEM Wheel Dark Hyper,Dark Hyper,2002-2011 Ford Focus,7
1034-3787,135,Refurbished,"20×8.5  6 lug wheel.  WHEEL ONLY! Does not include center cap, lugs, or TPMS sensor.",Machined,"Ident#: 9L341007JA,Ident#: 9L341007JB,Ident#: 9L341A096FA,Ident#: DL341A096FA,Ident#: EL341007JA,Ident#: AL341007JA",3787,19,6,"Part#: 9L3Z1007E,Part#: AL3Z1007M,Part#: AL3Z1007G,Part#: EL3Z1007A,Part#: AL3Z1007E",$242.58$189.91$290.03$333.64,20,6,2009-2013 Ford F-150 20″ OEM Wheel Rim Machined w/ Silver Pockets,Machined w/ Silver Pockets,2009-2014 Ford F-150,8.5
5873-5295,5.5,Refurbished,"17×7.5  6 lug wheel.  WHEEL ONLY! Does not include center cap, lugs, or TPMS sensor.",Machined,"Ident#: 9597014,Ident#: AWADDT,Ident#: AWDDT,Ident#: AWJLY",5295,18,6,"Part#: 09598077,Part#: 9597014,Part#: 88967407,Part#: 9598077",$201.83$189.91$290.03$333.64,17,5,Chevrolet Silverado 1500 2007-2012 17″ OEM Machined Wheel Rim,No Variations,"2007-2012 Chevrolet Silverado 1500,2007-2012 Chevrolet Suburban 1500,2007-2012 Chevrolet Tahoe,2007-2010 Chevrolet Avalanche,2007-2012 Chevrolet Avalanche 1500",7.5
3989-5573,132,Refurbished,"19×7.5  6 lug wheel.  WHEEL ONLY! Does not include center cap, lugs, or TPMS sensor.",Machined,"Ident#: AA9K,Ident#: AAKZ,Ident#: 20997880,Ident#: 20997879,Ident#: AWAA9K,Ident#: AWAAKZ",5573,11,6,"Part#: 20997880,Part#: 23115711,Part#: 20997879",$153.03$184.78$225.56$144.57,19,12,GMC Acadia 2013-2016 19″ OEM Wheel Machined,No Variations,2013-2016 GMC Acadia,7.5
1600-59353,120,Refurbished,"17×8  5 lug wheel.  WHEEL ONLY! Does not include center cap, lugs, or TPMS sensor.",Machined,Ident#: 36111094377,59353,3,5,"Part#: 36111094377,Part#: 1094377",$420.35$170.21$214.25$333.64,17,20,BMW 530i 2001-2003 17″ OEM Wheel Machined,No Variations,"2001-2003 BMW 525i,2001-2003 BMW 530i,2001-2003 BMW 540i",8
2573-64040,4.5,Refurbished,"17×6.5  5 lug wheel.  WHEEL ONLY! Does not include center cap, lugs, or TPMS sensor.",Painted,"Ident#: TOA17065A,Ident#: TOA 17065A,Ident#: TOAA8,Ident#: 42700T0AA82,Ident#: 42700T0GA81,Ident#: 42700T0KA81,Ident#: 42700T0AA81,Ident#: 42700T0AJ82,Ident#: 42700T0GA71,Ident#: 42700T0JJ82",64040,34,5,"Part#: 42700T0AA82,Part#: 42700T0KA81,Part#: 42700T0AA81,Part#: 42700T0GA81,Part#: 42700T0GA71,Part#: 08W17T0A100A,Part#: 42700T0JJ82,Part#: 42700T0AJ82",$142.91$198.29$214.25$333.64,17,10,Honda CR-V 2012-2014 17″ OEM Wheel,No Variations,2012-2014 Honda CR-V,6.5
12388-65522,112,Refurbished,"17×7.5  5 lug wheel.  WHEEL ONLY! Does not include center cap, lugs, or TPMS sensor.",Painted,"Ident#: 2044010502,Ident#: 66474279",65522,8,5,"Part#: 2044010502,Part#: 20440105029765",$223.69$153.03$214.25$333.64,17,14,Mercedes-Benz C300 2008-2009 17″ Front OEM Wheel Painted,All Silver,2008-2009 Mercedes-Benz C300,7.5
19025-68855,100,Refurbished,"17×7  5 lug wheel.  WHEEL ONLY! Does not include center cap, lugs, or TPMS sensor.",Machined,"Ident#: 28111FL050,Ident#: E04",68855,17,5,Part#: 28111FL050,$193.14$220.16$214.25$333.64,17,10,2018-2021 Subaru Crosstrek 17″ OEM Wheel Rim,No Variations,"2018-2018 Subaru XV Crosstrek,2018-2020 Subaru Crosstrek",7
1640-74224,4.5,Refurbished,"17×7  5 lug wheel.  WHEEL ONLY! Does not include center cap, lugs, or TPMS sensor.",Painted,"Ident#: 4261133700 US MKT, TYPE E,Ident#: 4261133710 CANADA MKT, TYPE E,Ident#: 4261133720 US MKT, TYPE F,Ident#: 4261133730 CANADA MKT, TYPE F,Ident#: SD21J,Ident#: DS21J,Ident#: 4261133700",74224,20,5,"Part#: 4261133710,Part#: 4261133720,Part#: 4261133730,Part#: 4261133700",$205.29$170.25$214.25$333.64,17,10,Lexus ES350 2010-2012 17″ OEM Wheel,All Silver,2010-2012 Lexus ES350,7
18672-85057,112,New,"18×8.5  5 lug wheel.  WHEEL ONLY! Does not include center cap, lugs, or TPMS sensor.",Machined,"Ident#: 2044014202,Ident#: 20440142029700,Ident#: 066031382",85057,44,5,"Part#: 066031382,Part#: 2044014202,Part#: 20440142029700",$270.63$308.39$170.10$226.76,18,10,Mercedes-Benz C350 2008-2015 18″ Rear Replica Wheel Machined,Replica Machined,"2012-2015 Mercedes-Benz C250,2008-2015 Mercedes-Benz C350,2008-2015 Mercedes-Benz C Class,2008-2014 Mercedes-Benz C300",8.5
378-9041,5,Refurbished,"16×7  5 lug wheel.  WHEEL ONLY! Does not include center cap, lugs, or TPMS sensor.",Machined,,9041,17,5,"Part#: 5EZ99PAKAD,Part#: 1SZ92PAKAA",$195.03,16,10,Jeep Grand Cherokee 2002-2004 16″ OEM Wheel Machined,Machined w/ Silver Pockets,2002-2004 Jeep Grand Cherokee,7
17147-3850,4.5,New,"22×9  5 lug wheel.  Wheel only, does not include center cap, lugs, or TPMS sensor.",Polished,"Ident#: AE5J1A096AA,Ident#: AE5J1A096AB,Ident#: AE5J1A096AC,Ident#: AE5J1A096AD,Ident#: BT4J1007AA,Ident#: BT4J1007AB,Ident#: BT4J1007AC,Ident#: DT431007AA,Ident#: DT131007BA",3850,128,5,"Part#: BT4Z1007F,Part#: DT4Z1007A,Part#: DT431007AA,Part#: DT131007BA",$348.23$310.11$175.60$235.52,22,10,2011-2014 Ford Edge 22″ Replica Wheel Rim,Replica Polished w/ Black Pockets,2011-2014 Ford Edge,9
3304-5154,5.5,Refurbished,"16×7  6 lug wheel.  WHEEL ONLY! Does not include center cap, lugs, or TPMS sensor.",Machined,"Ident#: UJK,Ident#: PF4,Ident#: 9594493,Ident#: 9594492,Ident#: AWUJK,Ident#: 9594692",5154,23,6,"Part#: 09594493,Part#: 89038704,Part#: 9594493,Part#: 9594492",$175.60$235.52$333.64$148.26,16,5,Chevrolet Silverado 1500 2003-2007 16″ OEM Wheel Machined,No Variations,"2004-2006 Chevrolet Tahoe,2004-2006 Chevrolet Suburban 1500,2003-2007 Chevrolet Silverado 1500,2002-2006 Chevrolet Avalanche 1500",7
